"longitude","latitude","web_x","web_y","ozone","popdens"
-87.88141232,30.49800105,-9783675.63751819,3567117.88732664,78,47
-85.80218174,33.28126104,-9552262.25522547,3932062.2147639,81,16
-87.650556,34.760556,-9758016.38742182,4130717.19068743,76,80
-86.13658707,32.49856667,-9589477.54537711,3828309.67840888,74,1020
-86.05386722,33.90403898,-9580282.91848182,4015278.36780674,75,640
-85.423117,31.19065651,-9510050.54242911,3656933.9623874,71,79
-86.815,33.553056,-9665000.44599978,3968298.84721757,93,1018
-86.915,33.485556,-9676130.70174711,3959286.2052718,88,186
-87.003611,33.331111,-9685992.47256177,3938692.07383807,91,84
-87.305556,33.459722,-9719602.74697829,3955835.98793726,87,5
-86.549167,33.545278,-9635410.82322109,3967262.1148738,81,42
-86.816667,33.386389,-9665184.47024413,3946059.98436782,93,35
-86.669167,33.704722,-9648769.35635163,3988574.51775057,81,67
-86.9425,33.801667,-9679194.60940381,4001550.63374383,90,58
-86.773889,33.578333,-9660424.66413939,3971675.6890899,95,1018
-87.3397304,34.3429044,-9723414.86447137,4074276.42628488,79,11
-86.58637,34.68767,-9639562.69042755,4120855.17295078,82,31
-88.08752639,30.76994085,-9806620.08210841,3602294.658152,77,262
-88.1411401,30.47467359,-9812585.45292708,3564103.07957344,81,251
-86.25636696,32.40711995,-9602809.32702356,3816246.39688226,80,1020
-86.97693915,34.51873526,-9683034.77217842,4098007.36324793,81,172
-85.08384083,32.46797131,-9472296.94952547,3824280.54251105,79,56
-86.825,33.316944,-9666111.37366068,3936806.26768487,94,84
-88.20186465,32.36400994,-9819359.97662464,3810549.85029328,69,7
-87.45973099,33.08959957,-9736760.42469795,3906558.88298003,80,19
-73.585,41.003611,-8192458.40018499,5012248.62706126,84,195
-73.443056,41.399167,-8176664.52790994,5070769.0454837,92,186
-73.103056,41.1525,-8138814.76064712,5034239.51626302,92,233
-73.336667,41.118333,-8164817.84202474,5029187.19890535,83,782
-72.631667,41.784722,-8086353.64551019,5128161.76270954,97,771
-73.297222,41.821389,-8160438.21198183,5133628.90003628,89,54
-72.63,41.552222,-8086164.37757213,5093517.24622949,93,104
-72.902778,41.301111,-8116523.80161125,5056235.94408185,82,233
-72.55,41.260833,-8077254.84649974,5050274.13080748,93,198
-72.065,41.317222,-8023269.48550493,5058633.29364364,89,682
-72.07887,41.6,-8024817.86637859,5100633.00381667,92,350
-72.388056,41.976389,-8059239.98310365,5156819.35941513,87,85
-75.555556,38.984722,-8411774.37847064,4718862.11214189,78,98
-75.730833,39.551111,-8431292.46858533,4800293.09721205,81,79
-75.563889,39.817222,-8412713.51263637,4838784.50031117,86,554
-75.496389,39.773889,-8405199.40253929,4832507.54658885,77,554
-75.613056,38.644444,-8418170.17411211,4670251.05441327,81,25
-75.163056,38.779167,-8368081.94174402,4689473.94124367,80,59
-77.022778,38.975278,-8575092.07539803,4717494.29170231,84,1689
-76.952778,38.897222,-8567299.27794176,4706325.30241914,89,801
-77.0125,38.918889,-8573947.26718957,4709423.96576065,87,2111
-82.296944,29.546667,-9162063.34117752,3444854.91417129,78,13
-82.445,30.1975,-9178548.75790049,3528396.91020869,69,17
-85.732,30.131,-9544423.5374809,3519812.57956046,77,450
-80.628611,28.053889,-8976348.69189869,3255245.16646684,67,1127
-80.615556,28.310556,-8974897.47197379,3287656.87038899,68,88
-80.295,26.272,-8939201.31445682,3032308.32063945,57,223
-80.097,26.29,-8917161.8453126,3034544.08597731,61,2136
-80.111,26.087,-8918718.80780449,3009363.49207715,64,623
-81.711,26.27,-9096817.50795024,3032051.30080155,69,212
-82.619444,30.178056,-9197965.99111536,3525891.8266071,72,66
-81.5875,30.4775,-9083102.51073389,3564514.2746512,76,24
-81.454,30.261,-9068240.75696944,3536584.51963503,81,629
-87.204167,30.525,-9708292.38932689,3570610.68036761,82,230
-87.271,30.368,-9715730.27443245,3550339.83732882,79,568
-87.276,30.399,-9716287.06161833,3554339.65147752,77,568
-81.340556,27.188889,-9055589.50919419,3146572.59522506,70,6
-82.465278,27.739722,-9180786.91849128,3215665.5723169,83,206
-82.454722,27.928056,-9179613.29806857,3239371.35453761,83,206
-82.538611,27.892222,-9188950.75333032,3234857.18775523,81,865
-82.2304,27.96565,-9154644.19705587,3244109.74137488,78,105
-85.604444,30.8475,-9530231.10420036,3612363.21198345,73,37
-81.723333,28.525,-9098206.50745332,3314789.08303638,78,15
-81.98,26.547861,-9126761.97024398,3066581.53408704,69,204
-81.939444,26.448889,-9122246.97966703,3054272.24554378,68,204
-84.348333,30.439722,-9390410.64625422,3559616.18747912,71,17
-84.199167,30.484444,-9373807.38435712,3565392.29390349,75,271
-82.546111,27.632778,-9189783.69965534,3202222.19615126,75,108
-82.618889,27.480556,-9197883.55600724,3183110.06255258,75,499
-82.522222,27.449444,-9187123.29062119,3179207.78501501,70,499
-82.100833,29.170278,-9140231.18627792,3396787.58423954,72,476
-82.173333,29.1925,-9148301.36204898,3399620.13847199,74,476
-80.162,25.733,-8924393.28190894,2965556.48098352,70,6383
-80.327,25.586,-8942758.63543189,2947402.98150762,71,523
-81.381389,28.454167,-9060143.98618787,3305820.80156027,78,1179
-81.363056,28.599444,-9058104.43898494,3324225.93048848,76,1179
-81.636667,28.347222,-9088558.32002991,3292286.48534112,73,18
-80.234,26.731,-8932414.53738879,3089398.3332723,66,156
-80.060867,26.59123,-8913141.93676004,3071990.89177057,68,1111
-82.305833,28.331944,-9163043.39471034,3290349.8803725,78,55
-82.758056,28.195,-9213379.47641527,3273040.67614954,68,130
-82.731944,27.946389,-9210471.11384077,3241679.33121703,71,1480
-82.74,27.785556,-9211366.6598453,3221429.15862772,69,1480
-82.700833,28.09,-9207009.1914721,3259786.7684294,72,64
-82.000278,27.939444,-9129029.01425056,3240809.07003011,77,36
-81.972222,28.029167,-9125906.74900902,3252118.46268077,73,340
-80.40833,27.448889,-8951824.5342159,3179151.86310967,63,397
-87.0081,30.3941,-9686467.32950486,3553709.15978833,82,106
-82.570556,27.306944,-9192502.35543926,3161345.3661937,73,499
-82.48,27.350278,-9182422.83544972,3166775.34647102,72,499
-82.362583,27.089194,-9169351.25104675,3134096.33575507,71,35
-81.31,28.745556,-9052199.86872538,3342762.76432407,69,61
-80.993889,29.108889,-9017016.19399547,3388972.03774428,65,1767
-81.053056,29.206667,-9023602.88557631,3401434.38642116,65,1767
-84.161944,30.093056,-9369660.93492436,3514941.14252276,70,16
-83.543628,32.805244,-9300859.71369176,3868872.21674925,80,103
-83.788849,32.827803,-9328155.38019438,3871858.10227971,84,298
-81.048949,32.06905,-9023170.17958927,3771798.14394443,65,11
-85.408056,34.474167,-9508403.84196451,4092000.9056196,80,87
-83.344512,33.917925,-9278706.77289429,4017162.60734032,83,70
-84.607484,34.015346,-9419288.40035824,4030227.00319342,89,334
-82.13134,33.582,-9143665.60547423,3972202.68797163,74,112
-84.746028,33.403835,-9434703.80155941,3948402.00734985,91,35
-84.059446,34.376201,-9358290.2133028,4078792.4823357,78,27
-84.290325,33.688007,-9383982.49834718,3986357.15645747,96,1218
-84.779263,33.743514,-9438406.37850397,3993780.87872084,86,68
-84.418842,33.455898,-9398285.43776857,3955348.35416483,92,807
-84.357449,33.720428,-9391454.33828156,3990694.4369782,98,1698
-81.496046,31.16953,-9072928.66209732,3654214.31590091,62,33
-84.069193,33.963074,-9359371.08569403,4023214.19168345,91,253
-84.161797,33.433426,-9369673.70061493,3952352.74996203,102,43
-84.626499,34.785078,-9421412.54484534,4134064.76748981,82,28
-84.944695,32.521099,-9456809.19555638,3831292.73403553,83,41
-84.844596,32.539364,-9445667.40435771,3833704.84367234,74,24
-85.04548,33.92855,-9468040.54927297,4018574.03465859,84,42
-82.022414,33.433883,-9131539.61536147,3952430.97745226,80,37
-84.065386,33.590932,-9358943.74397568,3973380.42421623,98,79
-84.079444,31.953056,-9360493.51149714,3756548.58410516,76,14
-91.33586832,39.91540937,-10168274.7039131,4852863.65352202,75,19
-88.22953098,40.1237962,-9822519.98260115,4883179.86972626,71,21
-87.668416,39.210883,-9760052.42838773,4751177.10769175,74,8
-87.7324569,41.6709919,-9767212.17144835,5111030.30756284,85,439
-87.54534967,41.75583241,-9746386.93036566,5123682.52467416,82,5920
-87.63555553,41.87898018,-9756429.19252175,5142073.5523804,84,5920
-87.60164649,41.79078688,-9752653.65696986,5128898.75656374,79,5920
-87.60768329,41.89581227,-9753327.04164386,5144590.44170611,75,8514
-87.71348815,41.75139998,-9765101.90858702,5123019.47572835,80,5920
-87.7920017,41.98433233,-9773844.23690136,5157834.28228162,79,1609
-87.99056969,41.66812034,-9795941.95618951,5110599.79124262,85,1341
-87.7524697,41.85524313,-9769442.26108732,5138524.49626367,68,439
-87.86322543,42.06028469,-9781773.00116928,5169213.3995608,78,1609
-87.79922692,42.13999619,-9774650.61559794,5181171.79414787,76,462
-87.67416716,42.06185724,-9760729.47710995,5169451.11909933,80,8514
-88.0728269,41.81304939,-9805099.74654193,5132217.98388775,72,1341
-88.54893401,39.06715932,-9858059.08991498,4730543.65785385,78,13
-88.6249434,38.08215516,-9866508.17047531,4590302.3061302,76,50
-90.32407986,39.11053947,-10055646.2946818,4736748.32173264,75,33
-88.27302929,42.04914776,-9827386.93332492,5167539.68123696,75,678
-87.84140622,42.3867056,-9779348.93003761,5218276.59188591,81,662
-87.81004705,42.4675733,-9775859.57407594,5230471.17382436,80,662
-88.99689571,40.51873537,-9907938.23668055,4940829.18146278,75,65
-88.92559445,39.86683389,-9899993.79617117,4845839.33135199,77,32
-89.80973892,39.39607533,-9998399.81524577,4777795.76406456,75,7
-90.14803114,38.89018605,-10036048.2895827,4705190.0045996,81,106
-89.95996251,38.72657262,-10015113.0322254,4681821.59982686,87,19
-90.10585111,38.86066947,-10031353.0126579,4700970.34586288,86,106
-89.60694277,40.68742038,-9975842.91342814,4965552.81094859,74,126
-89.58586902,40.74550393,-9973497.99173738,4974082.63592187,81,126
-89.78845862,38.17627761,-9996017.2169809,4603610.19506829,79,13
-90.51735026,41.51472697,-10077188.01683,5087745.88806228,71,1190
-90.16047663,38.61203448,-10037430.4047743,4665491.33540745,77,486
-89.60483919,39.84412188,-9975598.3588576,4842539.87443216,72,25
-88.19096718,41.22153707,-9818241.66471826,5044285.16763165,71,53
-89.07700532,42.28718959,-9916878.31825589,5203279.0480407,71,337
-89.0377748,42.33498222,-9912512.35415046,5210472.90345481,73,337
-85.017222,41.221667,-9464979.49141498,5044336.89212721,77,49
-85.101944,41.094722,-9474407.99168956,5025568.73882397,80,1385
-86.395172,39.997484,-9618340.14034708,4864828.3024001,83,25
-86.553056,40.540556,-9635920.87877175,4944048.6629507,78,12
-85.6355166,38.429733,-9533764.98604387,4639597.46859847,90,42
-85.245556,40.3,-9490382.52156249,4908891.55712836,79,19
-85.83055,41.71805,-9555516.25670698,5118064.69579899,82,42
-85.834167,38.308056,-9555874.99707601,4622321.48518479,82,341
-86.99012,38.985578,-9684550.05554399,4718869.44735444,84,113
-86.008061,40.065194,-9575252.46254828,4874674.89855279,84,59
-85.840513,39.935008,-9556601.35037622,4855760.49827242,81,52
-86.397148,39.758967,-9618557.0641393,4830233.36493943,79,65
-85.38,40.960556,-9505356.0414992,5005770.43624187,78,18
-86.080523,38.920798,-9583303.7863854,4709606.11461525,78,13
-86.152395,39.417203,-9591309.81566312,4780873.79106495,80,39
-87.304722,41.606667,-9719601.25916557,5101454.52450791,85,633
-87.494722,41.681384,-9740750.68075115,5112581.38333131,88,5920
-87.493611,41.639444,-9740626.44576556,5106333.00439269,77,633
-86.9075,41.716944,-9675389.00464242,5117888.51598106,73,48
-86.684722,41.629167,-9650590.92480289,5104810.86382417,78,62
-85.656944,40.0025,-9536169.49725494,4865564.42441224,78,21
-86.248784,39.646254,-9602041.54705248,4813928.41943599,80,543
-86.021341,39.858961,-9576727.99732486,4844725.71308868,83,440
-86.186314,39.749019,-9595089.42701784,4828795.15648354,76,543
-86.060833,39.789167,-9581122.88955969,4834610.2737814,78,233
-86.477914,39.575596,-9627544.66778352,4803717.52909018,84,26
-86.603611,38.113101,-9641518.20028631,4594697.49981068,80,7
-87.199167,41.6175,-9707852.35243491,5103068.34599483,84,499
-87.038611,41.510278,-9689979.80704282,5087119.49686694,80,48
-87.718333,38.005278,-9765594.49833126,4579445.11086652,81,17
-86.370556,41.551667,-9615620.78688717,5093280.36221693,75,32
-86.214683,41.696692,-9598272.93352653,5114876.32861744,67,241
-86.110556,41.742583,-9586683.43672833,5121720.76534007,82,139
-85.873582,39.611293,-9560278.09134837,4808879.60828724,82,22
-87.569444,38.021667,-9749022.15731931,4581761.81359231,85,30
-87.536944,38.113889,-9745405.69955077,4594800.46766288,88,30
-87.401389,39.486111,-9730333.59774553,4790794.80648965,77,1511
-87.313056,39.560556,-9720502.36348141,4801537.85920693,73,1511
-87.278333,38.051944,-9716619.52309904,4586043.20414843,83,8
-87.341389,38.194444,-9723639.79369696,4606204.60131989,80,8
-87.321933,37.95445,-9721471.44199874,4572271.23239216,76,22
-83.736944,36.608056,-9322416.2325218,4383947.04319651,71,37
-83.5264,36.6719,-9298981.46693223,4392805.23032285,85,15
-84.852778,38.918056,-9446645.47323703,4709225.60477046,78,16
-82.640556,38.459167,-9200399.91761768,4643809.20079723,72,54
-85.713056,37.985556,-9542390.54896604,4576677.85172725,78,21
-84.474453,39.021806,-9404535.94467317,4724082.55444579,86,273
-82.988333,38.238333,-9239107.97262377,4612463.15123001,72,21
-87.323611,36.911667,-9721646.66851019,4426097.09262804,89,9
-87.075556,37.780833,-9694045.72586852,4547794.2373849,86,22
-86.148056,37.131389,-9590800.02464803,4456738.94809559,82,19
-84.468333,38.125833,-9403843.83837693,4596518.70256559,77,109
-84.5,38.065,-9407367.93003166,4587914.51371129,77,109
-82.731667,38.548333,-9210542.51103997,4656490.7001439,79,28
-86.896944,37.938889,-9674166.55480327,4570078.69473173,81,24
-85.851667,37.706389,-9557815.90227158,4537326.67092963,83,41
-87.463333,37.871389,-9737209.45409665,4560551.53877355,83,22
-85.578333,38.137222,-9527396.51339949,4598119.89425172,86,110
-85.896111,38.060833,-9562766.98512135,4587312.39740977,85,326
-85.711667,38.263611,-9542239.1970481,4616020.13288544,79,341
-84.589167,37.893333,-9417290.97173179,4563672.51822129,80,48
-84.525,39.0725,-9410162.89126981,4731347.55363959,85,273
-85.7347,37.5314,-9544794.48864776,4512737.76607079,72,13
-88.393056,37.155556,-9840687.11325875,4460093.77886001,78,11
-88.5725,37.058056,-9860659.59625628,4446484.50999817,79,82
-85.443333,38.398611,-9512372.96340313,4635178.21028102,84,68
-83.220278,37.283056,-9264914.2320291,4477961.53610773,76,19
-82.535278,37.482778,-9188669.71431862,4505945.12031317,79,41
-84.611667,37.0975,-9419786.26011347,4452022.49106066,76,31
-86.566389,36.708611,-9637359.38876894,4397873.96676882,81,11
-87.851944,36.783889,-9780453.05506756,4408319.56835354,86,6
-86.250556,37.036667,-9602208.09350662,4443521.93585322,77,19
-70.02333122,41.97557064,-7796017.44921167,5156725.8423929,82,39
-73.1678,42.6367,-8146045.39287772,5256194.27401002,80,67
-70.87916174,41.63327785,-7891276.3899931,5105602.22377012,75,153
-70.78536124,41.33048033,-7880830.39080198,5060613.74372774,77,17
-70.9713576,42.47467114,-7901552.78176587,5231737.53743457,88,2282
-70.80834951,42.79026804,-7883413.36077569,5279488.28336975,86,76
-71.10225932,42.77076958,-7916128.74618777,5276527.48666816,89,1670
-72.5551117,42.19438047,-8077838.79569357,5189512.55607251,98,538
-72.52310905,42.4005787,-8074279.92865534,5220543.32195726,80,60
-72.33390364,42.29827869,-8053217.46312371,5205138.01808576,87,124
-71.362068,42.62668,-7945046.12694972,5254700.80861607,87,195
-71.48277484,42.41357399,-7958478.66051206,5222515.25533511,86,303
-71.1138645,42.21167389,-7917411.13251318,5192128.86135589,88,618
-71.0825,42.3294,-7913921.84302982,5209838.10650012,71,618
-71.87528882,42.27417686,-8002167.82673289,5201517.28054707,89,664
-76.653056,38.9025,-8533937.0605367,4707083.34584844,89,78
-76.631111,39.460833,-8531501.95284652,4787259.38351897,72,279
-76.474444,39.310833,-8514061.15916005,4765658.58783006,83,247
-76.617194,38.536722,-8529940.36039595,4654900.09432863,79,79
-77.041667,39.444167,-8577200.99761573,4784852.50590635,89,77
-75.86,39.701111,-8445672.27973971,4821969.03181837,92,73
-76.811944,38.504167,-8551617.71893317,4650266.51725018,83,34
-77.375833,39.408056,-8614396.71718387,4779645.36345164,86,327
-79.012,39.70595,-8796523.0120511,4822635.19387441,76,17
-76.296667,39.41,-8494274.01819699,4779936.98566247,90,243
-76.203889,39.563333,-8483948.94745281,4802052.47516513,92,243
-75.797333,39.305,-8438691.22977847,4764826.74904745,83,34
-77.106944,39.114444,-8584462.52616616,4737438.48660124,88,1689
-76.878333,39.055277,-8559014.87665436,4728956.36607555,84,812
-76.74417,38.81194,-8544077.82031492,4694137.75566458,88,78
-77.721944,39.565556,-8652924.66089498,4802357.11245488,81,54
-75.1594,38.2511,-8367667.93664586,4614351.27996959,75,619
-76.5525,39.32889,-8522749.88363673,4768255.80238082,73,2686
-70.125,43.9767,-7807369.23153536,5461216.8989518,81,55
-68.033006,46.696431,-7574558.15402342,5892039.59046077,57,34
-70.207778,43.560833,-7816575.91338817,5397113.46685369,83,367
-68.227222,44.351667,-7596129.73844123,5519426.45818747,86,51
-68.2609,44.37705,-7599879.01080411,5523378.13654129,83,51
-68.805556,44.422778,-7660507.01161196,5530494.91078733,75,25
-69.785556,44.230278,-7769589.62274312,5500528.80988326,79,125
-69.261944,43.9175,-7711299.33214757,5452075.8950051,82,24
-70.855556,44.222222,-7888693.45785073,5499263.15847597,74,2
-68.6785,44.73487,-7646370.01751585,5579268.39835892,75,23
-69.731669,43.795296,-7763583.34400716,5433205.37839549,79,29
-67.594167,44.533611,-7525665.99549682,5547801.8011735,76,10
-67.060728,44.963633,-7466295.58598577,5615207.91951928,56,13
-70.62,43.659167,-7862463.00394243,5412225.26113298,81,32
-70.471389,43.343056,-7845915.16875873,5363718.10412292,78,83
-70.75,43.083333,-7876923.4098675,5324047.2140734,77,128
-86.14857722,42.76778555,-9590930.18125609,5275897.22497379,94,34
-86.10940778,44.61694309,-9586598.8764843,5560586.69582487,82,11
-86.30969398,42.19778954,-9608855.43740346,5189866.62883023,86,112
-86.00162873,41.8955698,-9574561.13837418,5144570.97875467,83,29
-84.39379526,42.79833938,-9395609.81031631,5280550.2507162,81,300
-83.67015909,43.04722419,-9315067.05261407,5318389.30117673,82,205
-83.46154069,43.16833627,-9291847.9918624,5336856.44982434,84,52
-82.64289991,43.83638793,-9200737.12316687,5439382.18871412,84,20
-84.53463315,42.73861787,-9411285.29360377,5271493.58562004,80,226
-85.54188992,42.27806667,-9523394.11213719,5201943.74519169,81,437
-85.67133874,42.98417304,-9537813.14584866,5308768.59666242,84,281
-85.41660783,43.17667181,-9509462.55597028,5338106.59637455,85,43
-85.62914649,45.02889793,-9533149.11657587,5625239.02368917,79,3
-83.94655938,41.9955677,-9345816.94256465,5159557.65505271,81,111
-82.79346283,42.73139412,-9217478.62808326,5270418.40460728,93,295
-83.00597056,42.51333985,-9241129.22106225,5237431.67551649,91,2160
-86.24264864,44.30700008,-9601424.56400605,5512248.66002515,83,19
-86.29441463,43.95333441,-9607180.92010672,5457403.60737885,83,8
-84.89186532,44.31055542,-9451072.4944175,5512817.28991218,76,6
-86.31108253,43.2780606,-9609025.82541856,5353584.63257426,86,52
-83.18319868,42.46306341,-9260855.44601903,5229840.89230553,86,1365
-85.85273402,42.89445066,-9558002.47725305,5295125.06933611,88,733
-82.45622878,42.95333627,-9179945.03580567,5304114.00445278,89,46
-85.95022692,46.28887716,-9568909.25868253,5825901.35035512,85,1
-83.59960223,42.24056548,-9307201.32626234,5196325.0415038,77,230
-83.20820002,42.22862014,-9263634.80502139,5194533.58148978,79,1009
-83.00013754,42.43084042,-9240478.71406828,5224982.35461799,92,2160
-91.39037513,31.5605847,-10174260.9666968,3705120.12179198,71,6
-90.723028,33.746056,-10099998.0702357,3994075.41581829,77,8
-89.98783,34.82166,-10018174.5384878,4138980.46115749,84,65
-89.04977762,30.39036918,-9913724.07214753,3553213.98866413,81,61
-90.1410062,32.38575797,-10035202.8021799,3813402.16876416,71,776
-88.53398462,30.37842472,-9856311.7496378,3551676.25280969,78,1022
-88.73149134,32.36456528,-9878311.94093835,3810619.20125073,72,35
-88.766222,34.264917,-9882194.58316973,4063756.96162451,73,191
-89.0622,33.6636,-9915133.87840021,3983055.51221549,70,10
-81.189758,35.928999,-9038882.61594762,4290221.54942013,81,82
-81.933056,35.972222,-9121619.4513795,4296157.91488074,69,18
-82.59986031,35.500102,-9195836.08359534,4231411.49813276,73,466
-81.530278,35.935833,-9076785.92655105,4291157.91727353,77,128
-79.467417,36.307033,-8847172.89942053,4342327.20888808,82,18
-79.159722,35.757222,-8812916.99844964,4266653.04571068,75,31
-78.728035,35.158686,-8764859.03826621,4184865.25753399,80,32
-78.9625,34.968889,-8790955.42309437,4159052.8761199,82,90
-80.559115,35.809289,-8968684.41516412,4273784.29795043,85,52
-78.89639,35.99194,-8783608.03430885,4298897.95252812,80,495
-77.582778,35.988333,-8637388.91277431,4298414.02849836,80,11
-80.226667,36.110556,-8931682.96014767,4315216.00868605,82,432
-80.215833,36.203056,-8930478.07342355,4327968.06947682,76,134
-80.342,36.026,-8944519.73964866,4303571.27465482,78,432
-80.143889,36.050833,-8922468.25350314,4306991.39212514,83,124
-78.463719,36.096189,-8735448.36714292,4313253.10460892,80,43
-83.79562,35.25793,-9328932.88115792,4198340.60424499,81,10
-78.768056,36.141111,-8769324.81369706,4319440.17220419,83,26
-79.801111,36.109167,-8884314.21826404,4315028.5631585,86,1037
-82.964722,35.505278,-9236448.7257857,4232116.0009567,74,7
-82.7925,35.379167,-9217277.43864202,4214887.74315534,77,21
-83.0775,35.59,-9249002.88789081,4243705.24452407,78,7
-78.461944,35.590833,-8735245.05517176,4243860.70143688,78,56
-77.568792,35.231459,-8635823.55372516,4194788.08694555,77,18
-81.27675,35.438556,-9048560.32251658,4223011.68076932,85,90
-76.89782,35.81069,-8561143.51160833,4274010.43582596,75,11
-80.785683,35.2401,-8993897.50403415,4195936.66459719,93,1004
-80.91953167,35.11316368,-9008794.85123515,4178649.7234634,87,87
-80.695,35.347222,-8983804.72564244,4210546.04409964,96,102
-77.838611,34.364167,-8665847.95480619,4077222.94161242,71,13
-79.09197,36.306965,-8805381.74890727,4342321.33167261,79,14
-77.598889,35.583333,-8639177.62089189,4242842.12912293,79,85
-79.859167,36.308889,-8890778.72238282,4342579.91691077,82,32
-80.395039,35.551868,-8950418.25475465,4238510.95598303,96,34
-80.66756,35.534482,-8980752.41307384,4236130.16720578,95,134
-83.443697,35.435509,-9289762.42331029,4222576.40213162,66,7
-80.540833,34.973889,-8966640.36584413,4159718.04752143,82,136
-78.574167,35.856111,-8747739.66258542,4280230.88687207,84,101
-78.7925,35.596944,-8772039.52470615,4244694.16144391,80,112
-82.266139,35.772833,-9158692.63058516,4268766.42087296,79,15
-71.495833,43.565278,-7959952.0240745,5397779.53215773,75,99
-72.277778,42.930556,-8046980.64075009,5300772.895188,73,81
-71.3025,44.278333,-7938444.66879272,5507976.67091375,85,3
-71.225,44.290556,-7929818.22859306,5509878.21563462,63,9
-71.391944,45.051111,-7948415.36342832,5628920.41842769,66,2
-72.226083,43.62957,-8041238.53728801,5407651.78596435,72,76
-71.468056,43.000556,-7956850.24145201,5311430.98124533,74,158
-71.523083,42.720377,-7962970.60985299,5268884.10725953,81,140
-71.878613,42.861901,-8002547.72417395,5290346.41501997,81,25
-71.45827,43.218491,-7955764.71984331,5344659.62498885,74,95
-70.748056,43.075278,-7876706.87901168,5322819.69953578,78,128
-70.713839,43.047475,-7872897.6283807,5318584.34570792,86,128
-72.338333,43.364444,-8053728.60337478,5366968.21896512,76,111
-74.46069,39.53024,-8289911.03161946,4797294.50595837,72,52
-74.448902,39.464967,-8288597.97213962,4787879.10099759,78,52
-75.09762,39.92304,-8360814.11088695,4854136.27084879,92,2552
-74.86149,39.68425,-8334526.79073294,4819540.95194625,91,89
-75.21212,39.80034,-8373557.48469502,4836342.18832905,89,79
-74.12608,40.67025,-8252681.7301352,4963197.02611461,92,3404
-74.80666,40.51527,-8328435.64099769,4940471.58205981,88,56
-74.74264,40.28308,-8321306.08077469,4906534.87651162,94,1178
-74.42944,40.46218,-8286446.03257146,4932705.76937203,90,968
-74.00534,40.27846,-8239236.16923659,4905869.11242549,88,168
-74.6763,40.78763,-8313929.177643,4980431.98020506,88,413
-74.44403,40.06482,-8288064.23933396,4874742.94836727,86,66
-74.25634,41.0522,-8267186.92399959,5019410.08632173,85,152
-73.75689,42.68069,-8211618.50879844,5262845.26134634,88,541
-73.90207,40.81616,-8227749.06581288,4984636.09304463,80,23516
-73.878203,40.867989,-8225093.18211393,4992262.21471846,80,23516
-79.31888,42.49945,-8830722.71307505,5235376.66826449,92,42
-79.58658,42.29073,-8860517.01254889,5203915.48934185,84,30
-76.80249,42.11105,-8550617.38488759,5176950.07803741,75,29
-73.74262,41.78179,-8210015.45762405,5127710.74667715,82,30
-78.77142,42.99292,-8769793.04255032,5310178.85147528,88,879
-73.90313,44.36608,-8227925.95773954,5521594.62436584,102,19
-73.85892,44.39309,-8223005.39175106,5525801.68557675,91,19
-74.695005,44.980577,-8316081.46713574,5617769.76112737,73,37
-74.51625,43.44957,-8296156.69053604,5379983.21294947,81,0
-74.98538,43.68578,-8348380.00248449,5416264.63395096,81,2
-75.97321,44.08749,-8458342.87509617,5478293.67237584,85,28
-75.78443,42.73046,-8437306.62528624,5270359.21083974,80,9
-77.54813,43.146198,-8633631.39569859,5333548.13746329,83,2314
-73.95083,40.81833,-8233176.64261316,4984954.6929752,85,23516
-78.47851,43.22394,-8737193.10338461,5345404.61612629,88,31
-75.71916,43.29996,-8430050.87996475,5357057.89993956,75,35
-76.0592,43.05238,-8467896.73821363,5319264.50764634,85,62
-74.21529,41.52398,-8262624.89212919,5089298.60924529,96,78
-76.46326,43.28431,-8512876.68236967,5354655.43473575,81,64
-73.70762,41.44151,-8206114.18937036,5077051.20265104,89,74
-73.82317,40.7362,-8218965.38583555,4972883.78452567,82,13088
-73.46361,42.78187,-8178974.83523384,5278181.26388911,79,40
-74.12619,40.59733,-8252692.88254257,4952501.50541816,92,3404
-73.6489,43.01209,-8199603.58195115,5313159.13899044,87,393
-73.94019,42.79963,-8232023.83456589,5280869.21445583,76,158
-77.21025,42.09071,-8596004.94825038,5173893.90693323,76,21
-73.41919,40.74529,-8173997.90149378,4974223.86263826,92,1305
-72.71274,40.96119,-8095365.07348465,5006003.94038297,86,53
-73.05694,40.8275,-8133676.51729302,4986313.88489438,95,1010
-74.49414,42.1438,-8293673.84733747,5181892.75722243,76,12
-77.17376,43.23087,-8591961.6681501,5346479.08539018,80,45
-73.76398,41.052,-8212381.66594033,5019386.29216413,101,195
-84.051944,40.772222,-9357529.8992788,4978064.31331394,80,23
-80.5725,41.959444,-8970254.07527623,5154186.44119721,95,373
-84.544167,39.383333,-9412300.24484795,4776010.75464418,96,63
-84.3925,39.53,-9395420.27643165,4797155.7751405,97,314
-83.804444,40.000833,-9329970.69546811,4865340.82080339,86,139
-83.9975,39.855556,-9351457.58902518,4844252.16214991,84,55
-84.144193,39.082319,-9367775.90627988,4732759.14416233,92,128
-83.788611,39.43,-9328200.93502787,4782740.9340881,89,14
-81.575,41.555,-9081835.47383053,5093827.46565724,84,682
-81.864722,41.361667,-9114081.33056396,5065110.23226377,95,125
-81.459167,41.536667,-9068941.94661138,5091102.22238866,84,682
-83.063962,40.356638,-9247553.34680101,4917183.32416642,83,24
-82.957222,39.914167,-9235666.32106764,4852764.64443211,82,2425
-82.815556,40.086667,-9219899.93180801,4877830.70614149,88,75
-82.955266,39.965075,-9235449.27586135,4860155.11878811,81,2425
-82.959722,40.087778,-9235946.90209953,4877990.85631404,83,83
-81.249444,41.515,-9045597.55469229,5087883.17198459,69,93
-83.943333,39.665556,-9345425.86781007,4816741.77784981,85,68
-84.365974,39.278499,-9392464.51365743,4760926.85365068,92,403
-84.690723,39.214931,-9428611.05747441,4751787.20098493,91,111
-84.504167,39.128611,-9407844.6997082,4739395.70361563,93,273
-80.615002,40.366104,-8974961.87292504,4918591.88336473,80,382
-82.691944,40.309722,-9206143.81958279,4910336.70785416,82,19
-81.4225,41.673056,-9064862.57848137,5111405.22692006,76,682
-81.241944,41.7225,-9044765.78890234,5118777.98955865,84,156
-82.666667,38.520278,-9203307.06787395,4652499.28253373,78,45
-82.4575,38.629167,-9180026.212998,4668004.28831596,87,60
-82.433269,40.026226,-9177347.15644639,4869045.23727489,82,35
-82.095729,41.420882,-9139795.32567071,5073893.30622629,82,129
-83.546667,41.644167,-9301300.50633417,5107078.05192833,93,109
-83.718611,41.494722,-9320437.18840836,5084842.43298416,82,99
-83.306944,41.675556,-9274617.75763216,5111757.11323076,81,11
-83.475,41.719444,-9293324.4468713,5118297.73779705,80,117
-83.475833,39.788611,-9293390.64805224,4834555.50752074,86,9
-80.658611,41.096111,-8979826.30117256,5025821.33242115,82,351
-81.911667,41.102778,-9119303.02230447,5026792.46696411,71,118
-84.114722,40.084722,-9364508.40595197,4877534.4415231,79,43
-84.18224,39.780674,-9372019.76378749,4833398.74947456,84,1303
-81.330278,41.1825,-9054590.29441651,5038582.00404396,85,93
-84.720833,39.835556,-9431970.44730078,4841345.43569469,79,24
-81.378611,40.827778,-9059965.14762623,4986261.46430349,87,482
-81.601256,40.708685,-9084745.90284421,4968756.19327152,86,49
-81.598257,40.71267549,-9084412.14257866,4969342.19285841,85,49
-81.123611,40.930833,-9031582.75790006,5001435.41742237,94,141
-81.503889,41.106111,-9073913.68820254,5027289.2255774,92,1131
-80.591667,41.453889,-8972380.01614974,5078810.50417264,83,18
-80.663142,41.240077,-8980332.72696117,5047108.35598018,86,87
-84.202208,39.427797,-9374237.84032132,4782419.36536837,89,67
-81.460278,39.431667,-9069036.42274791,4783004.67882573,90,52
-83.611667,41.378056,-9308531.76460365,5067522.15721376,88,44
-77.25,39.93,-8600397.4216511,4855122.87331195,81,30
-79.961111,40.465556,-8902178.94291401,4933138.40011107,83,1485
-80.0161549,40.4455765,-8908305.57887673,4930215.15268738,81,880
-80.185556,40.381944,-8927160.6586921,4920910.78806351,77,880
-79.732222,40.617222,-8876703.52813608,4955355.40396269,86,142
-79.56474978,40.81418262,-8858065.0603434,4984281.4885387,83,45
-80.50394848,40.56252018,-8962603.30970102,4947329.08389833,80,425
-80.359722,40.684722,-8946551.25828808,4965251.53136482,72,222
-80.31644171,40.74779586,-8941734.64585904,4974514.636184,77,222
-75.9686,40.38335,-8457770.41113821,4921162.44639897,82,198
-78.370833,40.535278,-8725166.2877576,4943361.67190211,71,32
-74.882222,40.107222,-8336840.56055018,4880907.01368578,102,1178
-78.915,40.309722,-8785734.32853177,4910376.86046714,72,65
-77.877028,40.811389,-8670204.77447673,4983889.29772612,74,88
-75.76824208,39.83446059,-8435460.50233692,4841280.72655443,81,96
-78.526194,41.1175,-8742467.99674512,5029004.61593259,72,27
-76.844722,40.245,-8555290.17754753,4900956.74686505,82,169
-76.681389,40.272222,-8537109.8718367,4904929.07635256,79,83
-75.3725,39.835556,-8391410.06165653,4841443.86356692,86,3817
-80.038611,42.14175,-8910830.02996544,5181519.91223379,84,247
-77.475556,39.961111,-8625504.60553469,4859637.34828425,77,77
-80.284917,39.816222,-8938212.70196251,4838588.80602569,78,12
-78.919972,40.56333,-8786291.36257729,4947464.92467182,79,29
-75.578186,41.479116,-8414329.53545871,5082614.8078029,71,266
-75.623056,41.442778,-8419323.4910246,5077217.02116344,78,266
-76.283333,40.046667,-8492798.74324751,4872082.6665367,83,123
-80.34644186,40.99584839,-8945077.49538447,5011027.28070463,75,130
-75.4325,40.611944,-8398099.99120837,4954629.20797289,81,829
-76.003333,41.209167,-8461648.84171293,5042586.43205613,63,179
-75.846389,41.265556,-8444180.14658451,5050934.94958645,77,317
-76.9238,41.2508,-8564107.18309733,5048737.70144156,77,14
-75.32328,41.08306,-8385949.66536886,5023953.85535062,75,64
-75.309167,40.112222,-8384364.36447076,4881629.9432259,84,432
-75.341111,40.628056,-8387927.63049485,4956992.96941362,83,266
-75.237156,40.692224,-8376357.24769828,4966409.65821766,78,266
-77.165556,40.456944,-8591005.43228134,4931909.07858422,73,56
-75.097778,40.008889,-8360832.93110558,4866604.26155487,73,2552
-75.240556,40.05,-8376726.30227171,4872578.84391199,81,3817
-75.011944,40.076389,-8351279.62317449,4876419.3692683,95,1107
-75.222778,39.9275,-8374745.65392736,4854782.23275277,82,3817
-76.939167,41.644722,-8565823.68894742,5107234.74224591,74,4
-80.261389,40.170556,-8935598.66175763,4890069.70943834,73,198
-80.420833,40.445278,-8953350.12319486,4930167.14353439,75,54
-79.6928114,40.42807603,-8872314.06985944,4927659.33861844,79,212
-79.505667,40.304694,-8851481.33632969,4909636.58296937,77,48
-76.699444,39.965278,-8539115.20467764,4860250.96042017,84,322
-71.7199,41.6156,-7984860.46933468,5102959.68056664,89,50
-71.36094,41.84092,-7944907.53677674,5136570.01733539,88,2929
-71.427778,41.491667,-7952341.78913443,5084528.91369629,83,202
-82.386376,34.325318,-9172061.00917495,4071946.38433011,83,30
-81.788731,33.342226,-9105527.46890691,3940214.20536416,82,0
-81.465537,33.320344,-9069552.50310127,3937301.68709566,73,15
-79.9367,32.987252,-8899373.88653944,3893028.87682464,64,5
-79.657187,32.941023,-8868260.67613588,3886898.15289779,69,6
-81.816567,35.130396,-9108643.99983267,4180986.91076121,67,66
-81.203724,34.79297,-9040424.9305947,4135163.52392611,74,208
-80.198787,34.615367,-8928563.34695894,4111125.80194599,73,13
-80.965038,33.007866,-9013838.8324033,3895756.27669218,72,8
-79.744859,34.285696,-8878032.9975359,4066629.93605255,73,68
-81.853635,33.739963,-9112755.82370128,3993329.39178632,73,12
-83.2377,34.805261,-9266826.46367828,4136812.10607373,76,10
-82.838659,34.653606,-9222407.83142677,4116276.086741,81,270
-80.962304,34.093959,-9013545.23756319,4040818.70986529,77,1552
-80.781135,33.81468,-8993376.45964186,4003343.81770115,71,22
-80.868318,34.131262,-9003084.01684125,4045834.53178419,84,35
-82.075802,34.988706,-9137497.90777123,4161717.54866627,83,150
-81.560354,34.539378,-9080118.78402411,4100841.27716481,76,10
-79.565096,33.723808,-8858017.72747773,3991186.38463972,71,12
-81.228409,34.935817,-9043174.11996892,4154541.5759086,80,22
-84.22323373,35.96327295,-9376537.67516468,4294906.85765261,80,107
-83.94351246,35.63148969,-9345398.60138107,4249378.08230843,88,22
-83.783611,35.603056,-9327599.78979363,4245486.27861244,74,11
-86.744722,36.205,-9657203.99089189,4328178.10270952,76,471
-86.623301,36.150742,-9643688.23814555,4320697.28918491,80,1159
-85.181806,35.233527,-9483227.78884211,4195002.91055058,85,98
-85.162194,35.102638,-9481043.46442643,4177181.1078059,89,98
-89.167778,35.468056,-9926902.47382659,4226975.73107814,66,6
-83.60100124,36.11453498,-9307279.12188915,4315733.73687022,85,49
-83.764806,36.085508,-9325511.78820425,4311733.58309124,87,72
-83.87381,36.019186,-9337644.21876262,4302601.7627287,92,249
-87.4700102,35.11622348,-9737923.59284993,4179010.52470862,79,24
-84.34158063,35.72093222,-9389708.18294815,4261630.29393969,88,47
-84.94604366,35.28899731,-9456985.89099435,4202566.46234632,83,14
-85.39938997,36.20509049,-9507456.96654441,4328202.1874823,76,20
-86.59887235,35.73287795,-9640964.78220603,4263248.88774963,89,28
-83.609722,35.696667,-9308245.32397345,4258310.41126234,88,12
-83.498056,35.562778,-9295814.4341185,4239976.18880438,87,12
-90.019444,35.2175,-10021697.1665805,4192779.70908291,81,518
-89.832222,35.377222,-10000859.434153,4214563.54340688,80,182
-82.42596405,36.54119274,-9176491.1897514,4374691.6682541,90,115
-82.485833,36.582222,-9183155.63473891,4380376.84550649,85,155
-86.652778,36.297778,-9646970.82532389,4340984.44495854,83,471
-86.56414911,36.4539752,-9637107.3391401,4362578.57464262,85,43
-87.137222,35.951944,-9700889.90331013,4293323.99828318,85,14
-86.28608458,36.06037154,-9606152.23038737,4308250.10296885,85,19
-77.059167,38.8575,-8579140.98273557,4700644.72627795,88,2111
-77.377222,38.203056,-8614535.32046032,4607520.87813896,78,8
-77.260034,37.343294,-8601480.18046459,4486449.20271499,84,64
-77.593611,37.358889,-8638611.08917414,4488629.55735127,77,404
-77.465278,38.893889,-8624345.94553744,4705843.25458928,78,109
-77.0775,38.7425,-8581180.11063259,4684219.6732399,88,2111
-77.105556,38.772778,-8584303.44613018,4688541.26231168,85,2111
-77.163231,38.837517,-8590724.15197906,4697787.66303024,84,2111
-77.198889,38.931944,-8594694.52916097,4711289.877311,83,1689
-77.767778,38.475,-8658011.87397435,4646108.88416389,69,30
-78.081389,39.282778,-8692930.76944148,4761606.27999512,72,39
-77.218769,37.606056,-8596890.21030482,4523303.15056421,79,23
-77.400278,37.558333,-8617093.52305856,4516598.3330135,85,184
-77.49,39.024444,-8627099.5111798,4724531.29152487,86,42
-78.436111,38.521944,-8732404.93072116,4652778.62811582,73,40
-78.504722,38.663333,-8740043.88273193,4672913.2661773,69,40
-77.635556,38.855278,-8643299.17157654,4700321.09159421,76,109
-79.884167,37.285556,-8893572.93400307,4478342.8675893,76,24
-79.513056,37.626111,-8852268.65503425,4526098.55459074,65,12
-78.81904,38.47732,-8775028.29570678,4646427.99620052,69,29
-77.370278,38.483056,-8613766.01349701,4647258.43066602,85,85
-81.255,36.893056,-9046155.6301767,4423561.45368761,72,23
-77.044722,38.810833,-8577532.47693904,4693976.47254792,84,2111
-76.399167,37.003333,-8505652.05496173,4438967.39725848,76,1263
-76.438611,36.903333,-8510041.3882986,4425038.13927528,76,1263
-76.731389,36.6675,-8542627.97031979,4392258.49950864,78,55
-73.24984,42.88759,-8155181.59434917,5294231.07190989,77,86
-72.86884,44.52839,-8112800.97761675,5546915.3834111,77,20
-90.69868,46.61455,-10097446.6265489,5878458.12354601,66,2
-87.908889,44.53,-9786892.15320477,5546981.1789211,82,18
-89.108889,43.314444,-9920441.71672858,5359118.41493599,77,13
-89.357222,43.100833,-9948079.73247411,5326495.76757288,80,94
-88.527778,43.435,-9855761.96289731,5377585.09113396,74,23
-86.993611,45.237778,-9685026.99357689,5658179.52898878,92,4
-88.400556,45.795556,-9841638.36458032,5746765.9585487,70,6
-88.421944,43.687778,-9843985.68068958,5416413.34716486,74,20
-88.80859,45.56498,-9887051.25989377,5710027.77938793,73,5
-88.812222,43.001389,-9887416.1871048,5311354.48454231,76,50
-87.8093,42.504722,-9775776.94868786,5236078.2113206,85,662
-87.506111,44.442778,-9742058.88457111,5533377.61678367,85,17
-87.616111,44.138611,-9754297.88431385,5486079.37315995,85,426
-89.769722,44.707222,-9994017.48412953,5574672.86074081,72,8
-87.933333,43.016667,-9789590.0469124,5313689.34441362,67,953
-87.9125,43.061111,-9787271.83606699,5320457.82138159,75,953
-87.884444,43.075278,-9784149.21460779,5322616.60677622,78,953
-87.900556,43.181111,-9785944.14075162,5338756.96415538,83,137
-89.632222,45.678056,-9978728.31742131,5728013.67922667,71,6
-88.395556,44.306944,-9841057.92857214,5512215.62420963,75,644
-87.920833,43.343056,-9788203.49649018,5363509.14067452,82,137
-87.81,43.498056,-9775869.32233717,5387263.15058805,84,55
-87.798611,42.713889,-9774590.17123604,5267711.28285953,77,648
-89.05667,42.50889,-9914617.93224254,5236694.48618994,77,160
-92.6625,45.124444,-10316006.4061784,5640219.50890348,75,19
-89.680278,43.435556,-9984042.77807155,5377658.00205098,70,21
-87.716389,43.666944,-9765452.30711352,5413214.75240485,88,55
-90.568333,43.702222,-10082892.7175595,5418613.88899418,71,10
-89.653611,46.048056,-9981115.12651918,5787152.25237135,73,4
-88.499167,42.58,-9852565.03811741,5247443.2501611,75,91
-88.220278,43.327222,-9821533.54532036,5361082.85975732,71,44
-88.215,43.020278,-9820941.58644914,5314236.06045471,72,117
-77.964125,39.448006,-8679880.31408026,4785396.0269173,74,33
-82.4259,38.424133,-9176506.29296724,4638832.57802229,89,64
-80.632633,37.908533,-8976892.22459839,4565854.48686219,75,15
-80.58071745,40.42153887,-8971146.44956327,4926693.95696987,79,382
-81.628317,38.3456,-9087726.86227373,4627688.73814039,82,695
-79.920867,39.649367,-8897688.14120694,4814442.4674496,78,53
-80.70097234,40.11487556,-8984527.71752897,4881957.60134756,80,40
-81.552367,39.323533,-9079285.3740976,4767432.69734477,84,34
