"utm_x","utm_y"
-29.4336535914093,1251.59283938909
-25.6099393563305,1250.4582445684
-24.5287071930466,1250.1873676548
-23.7120600300099,1249.98245138857
-23.0191549362388,1249.82129108687
-22.1004811666528,1249.60718883577
-21.4630663516931,1249.42864846332
-21.1122986867242,1249.33039756769
-19.4799212123434,1248.87927105658
-17.8359452339083,1248.42462033238
-15.808087501141,1247.87099778172
-16.2017719963653,1245.78036041525
-16.3309736222907,1245.18373070507
-16.4000255621216,1244.86505150706
-16.400006706157,1244.86495283609
-16.4000321972738,1244.86483512495
-16.295391683972,1244.31751934518
-16.2358435363229,1244.00591756255
-15.9208012246301,1243.61774043975
-14.2351010033716,1243.55629029783
-13.0867159340848,1242.78514398059
-12.9727354498966,1242.77585559479
-12.8012962884216,1242.76155982212
-12.6419974639325,1242.57113048535
-12.4340535244067,1242.32211861743
-10.43631423018,1242.15919581026
-9.32467384039606,1242.48309492626
-8.15927041842253,1242.59885122284
-6.65464154068998,1243.25047372379
-5.44864386713405,1243.77233998059
-3.8957368093334,1244.04800281384
-2.76447970814472,1244.10616702949
-2.08612831683825,1244.14072038139
-0.243894982254994,1244.03047630167
-0.00000933067306987567,1243.96826807715
0.814298867196421,1243.76054754791
1.04340392287731,1243.64133020724
1.09872339456801,1243.61243927865
1.9773681129253,1242.56531431029
2.46106170477153,1241.54794926658
2.53284452364114,1241.39695272306
2.57178228680358,1240.58895431005
2.6295890772001,1239.38919776733
2.71954462708016,1238.94907156107
2.87416123441726,1238.19206670257
2.93191768559985,1236.18157963711
2.94819769108551,1235.61489879829
2.98384308597821,1234.37417349485
3.02844671365212,1232.82124546808
3.1884843413318,1231.96436430792
3.38322512470627,1230.92139567918
3.45941251184158,1230.69851763581
3.56972865285619,1230.37534563703
3.46196807646033,1230.01649438444
3.31854539028206,1229.53943008268
2.96555121489649,1229.21965792266
2.69107133236925,1229.19980458022
2.41686402295954,1229.1800786251
2.33679898080915,1229.13910413463
2.00375074801108,1228.96909796717
0.766564733643087,1227.75740804738
0.742937735331888,1227.73427676019
-0.00000933067306987567,1227.62581709961
-0.434432061325793,1227.56238128037
-0.758308391486507,1227.5154113646
-0.987010277225693,1227.37033482716
-1.29988678842345,1227.17230163932
-1.74660289156956,1224.45782499378
-1.74658684698761,1224.45759810446
-1.74660289156956,1224.45750061915
-1.65999623847331,1223.23300863505
-1.57316699653483,1221.98261311617
-1.587879324662,1221.95853542205
-2.21324966367768,1220.93530067221
-2.48398902070482,1220.23948889558
-3.46822121449366,1217.71021872898
-3.48463398747194,1217.66805041151
-3.49500076805413,1217.56870066143
-3.69647511415966,1215.63847534506
-3.76518425241809,1215.21122580572
-3.77695917455827,1215.13809974172
-3.77695031800815,1215.13806219026
-3.77696166272869,1215.13799164669
-3.40270760944456,1213.55119370815
-3.23521775868302,1213.12048055051
-2.92773294718578,1212.32955275855
-3.12851589642221,1211.46825573436
-3.67432405150772,1210.55853041028
-3.8193789882458,1210.31675530152
-5.08150436275534,1209.39571271572
-5.40979542760385,1208.27281372779
-5.94979989231633,1207.74779819954
-6.30981530973218,1207.7149444708
-6.57073877883709,1207.69106069443
-6.90470290436372,1207.32383623065
-7.54144839770441,1205.91236075879
-8.189110385918,1205.95958550809
-8.38607845401079,1205.50474121435
-8.3928213696979,1205.48917804898
-8.37756195681013,1205.45310208292
-8.12924894320185,1204.86592365079
-8.58186388593412,1204.1101916895
-8.61513070331854,1204.05465360965
-8.52169225732158,1203.57111942571
-8.23810335946002,1202.10355325999
-8.37446160619731,1201.5851079887
-8.46462291022525,1201.24240388747
-8.46460965447388,1201.24236200191
-8.46462705719578,1201.24229583652
-8.3937048830655,1201.01831756363
-8.31514830501911,1200.77009670647
-8.69980967314472,1200.56110266738
-9.50434647357815,1200.12420276403
-9.62840307461178,1199.97541510511
-9.81136273143193,1199.7563032261
-9.8113226907886,1199.75603108866
-9.81136604901799,1199.75597908729
-9.76905859426437,1199.46878307022
-9.70038389631709,1199.00204047304
-9.51569550252728,1198.65018109102
-8.82986766208168,1197.3436066541
-7.93063114338232,1195.39896532714
-7.86979501127878,1194.8414443893
-7.84546390502952,1194.61843880697
-7.56672005842878,1192.58969270225
-7.11531942957516,1191.42186745883
-6.01782022178269,1190.33909076285
-4.74554968960705,1189.90864675992
-3.7043788322562,1189.29361260473
-2.90098575513324,1189.17134281039
-2.14757569221147,1188.86555787754
-0.961284711968009,1188.35817552587
-0.00000933067306987567,1187.94660285215
0.113209285171565,1187.89810672578
1.25957809561206,1187.07573508714
1.64889942635326,1186.95249725916
2.2978568531601,1186.74653268184
3.82861139688173,1186.31840142071
5.33810336718685,1185.39540986996
7.04752552488893,1182.44321123925
7.3918161399733,1182.1433843945
7.93428877461844,1181.67064400218
8.79102482904427,1181.42449124444
9.07576664369624,1181.34257269007
10.8143548855978,1180.78546327835
11.8851246255469,1180.3335095031
12.684301852549,1179.99587124399
12.968365775473,1179.9077465314
13.2551461202391,1179.81845306562
14.12696500089,1179.27627972719
14.6862768662197,1178.92824425391
14.9890876019752,1178.39998772866
15.1534766373651,1178.11310328785
15.4412192779572,1177.61125412192
15.694830942176,1177.16884203607
15.7916208981209,1176.7702951011
16.439551202514,1174.10192349708
16.9187821751775,1172.77968453329
17.092461920932,1172.30090116649
17.0982234072018,1172.28500485735
17.030986026458,1170.72306337084
17.0310031263558,1170.7230211873
17.0309910028215,1170.72273950297
17.1375880360074,1170.46008890828
17.2413935441503,1170.20401497258
18.1242893625422,1169.40348323375
18.4381804374174,1169.11876653263
18.4884395260979,1169.01940428783
18.6740028600534,1168.65211297764
18.4734695289926,1167.68801266827
18.4734874184192,1167.68796678384
18.4734745053561,1167.68790472163
18.8679944068273,1166.67559565388
19.0956267965154,1166.44179071849
19.111298040169,1166.42569081057
19.6230655147532,1165.89970601423
19.8326173720005,1165.81116384533
20.3490928742306,1165.59239885102
20.851372261209,1164.56142602644
21.0567491380432,1164.13966123233
21.1871150005878,1164.01902863178
21.4469230105444,1163.77818613461
21.8592467016095,1163.98887526131
22.1697673326086,1163.97134346222
22.6870242198384,1163.9415996205
22.7611850781902,1164.26896328856
22.7875385802845,1164.38510806182
22.7875195757148,1164.38521075416
22.7875452154367,1164.3853239349
22.6000837353214,1165.39821491766
23.2706710262422,1165.66309977024
23.7334268998314,1166.08191117409
24.250393678824,1166.1113792771
24.7099215477058,1165.77406271995
25.4454089847128,1165.23414705735
26.245483889295,1164.92873694819
26.2490197966117,1164.92738592263
26.2490244935047,1164.92738474758
26.251024574717,1164.92712644941
27.5946546634268,1164.75317356625
28.3483186412612,1164.74342833885
28.9135666290252,1164.73579560717
29.5064578702984,1165.02560927234
29.9413792531071,1165.7829138652
30.1035956015593,1165.89315667664
30.121049398116,1165.90499513179
30.2502923369557,1165.99253553969
31.336660236611,1165.94720015953
31.3858632559904,1165.86343780086
31.6650410294426,1165.38910313467
31.8854674834477,1165.0141677939
32.7678905099863,1164.47318438475
32.9765065348378,1164.18823236932
33.2672263127384,1163.14930146135
33.1805130166105,1163.03127571359
32.9571351890014,1162.7277814172
32.113454854144,1161.58124393022
32.1135179009259,1161.58090690252
32.1134482189832,1161.58081221831
32.2204235652161,1161.00933818871
33.5165188788132,1160.44456469724
33.7872567196944,1160.2144189236
34.0623170811689,1159.98006062498
34.5596985304538,1158.96840389956
34.8023728249498,1157.30507154085
34.9478859267367,1156.9313193436
35.0650819811476,1156.62996190797
35.3756648103259,1156.55409977448
35.375670442563,1156.55409920669
35.380989765103,1156.55711444154
35.8394215899489,1156.81665174833
36.2014325313301,1156.79291078936
36.8775883792048,1156.12072448836
36.9858533596199,1155.67536742891
37.01016216771,1155.57534458426
36.9898909654025,1155.45378738924
36.9103162995099,1154.97677440073
36.4873533900036,1154.73488572421
35.6223523729114,1154.24063427795
35.3787683959302,1153.90970226717
35.3146601582665,1153.8227180486
35.3146924470312,1153.82264950403
35.3146634758441,1153.82261014419
35.498012816346,1153.43329316114
35.7339999030566,1153.41993515661
36.3253308498369,1153.38592367424
37.1006223984485,1153.44307122822
37.8755660121633,1153.49965370993
38.2897923349825,1153.39811672521
39.3428307144399,1153.71487411167
39.3476522752706,1153.7163244594
39.3476555383969,1153.71632403096
40.4859037984269,1153.56687761131
42.3970351954778,1153.83804047807
42.8627835256377,1153.76261534305
43.0338563146739,1153.6670901199
43.6925665205816,1153.29884598889
43.730855047497,1153.09405721676
43.7458602351278,1153.01363909986
42.4851965491872,1152.01806246197
41.1493599525262,1150.60612471081
41.1495155067323,1150.6058645971
41.1493533173654,1150.60569313208
41.645298254795,1149.77642421124
41.8862030516436,1149.73169692706
42.1883197153377,1149.67506601266
41.8185654724201,1149.12440174017
41.5225046902179,1148.68392466652
40.3113493607862,1148.07867312699
40.1826883613168,1147.83584548463
40.1800992864342,1147.83096528643
39.9790606128236,1147.45250208498
39.9056961725503,1144.64415108198
39.8737506914305,1143.42159888651
39.3902898051021,1142.14451235854
39.2670583200524,1141.12990863392
39.0797842930477,1140.86741880358
39.0621148555417,1140.84266210034
39.0441986381794,1140.71412859754
38.9133977258963,1139.77610543986
38.9134167433395,1139.77589448325
38.9134010434823,1139.77578185342
38.9713738504087,1139.13299362513
39.0516418040228,1138.24262412972
38.9257692074162,1137.43423868094
38.8774418008753,1137.12398058918
38.8774538166881,1137.12394990196
38.8774418008753,1137.12387273496
39.1807813514064,1136.34927200031
39.2741835703668,1136.11067310659
39.8217564959589,1134.71181318362
39.7951932969157,1134.18104179582
39.7293696380083,1132.86625411626
39.0420479699983,1130.73127846147
38.7148074258509,1129.71504517826
38.7148373737416,1129.71493283798
38.7148041082733,1129.71482951388
39.0053477552345,1128.62487802795
39.2101610521608,1128.43430015664
39.4208977922183,1128.23788193092
39.684370558701,1128.1316374794
40.1198785860211,1127.9554819681
42.9888050949222,1127.58240251646
44.257958346603,1126.9401972355
44.2831536109263,1126.91792497714
45.6596953395217,1125.70078163438
46.0473113583501,1125.65096868135
46.1546996158368,1124.92424401488
45.4485214609862,1121.983972964
45.4485475042235,1121.98385196032
45.4485247785722,1121.98375734529
45.5545671336999,1121.49096778769
45.5106890081628,1121.37836445856
45.4528542196233,1121.2303932811
45.3648545925103,1121.15076936533
45.3647978759321,1121.15071804704
44.9904433742925,1120.81199614371
44.5516205181585,1120.78353539361
44.3742849107399,1120.91138112656
43.5145651179958,1121.53171548655
42.3856013123683,1121.60582173868
41.7063019039307,1121.65073574509
41.0035732731459,1121.99919653504
40.3078957606803,1122.3444892411
39.7394982077724,1122.39311177374
39.3019028559942,1122.15689958708
39.2783015964732,1121.79282746583
39.2783230353994,1121.7927836516
39.2783049140593,1121.79250403943
39.4017723604623,1121.54049400913
39.6145979802968,1121.10555282119
39.6689252167907,1120.99522924195
39.7225785530732,1120.88573546265
39.7806659258574,1119.79529972751
39.5814263397505,1118.9356135205
39.5708424262197,1118.88997485796
39.3246849179547,1117.82823048504
39.2016024794224,1117.29736821662
39.3623491517945,1116.31115951955
39.3811018888019,1116.28295481737
39.6037227744804,1115.94800919139
40.1573871381827,1115.11500326785
40.2708188656733,1114.94450209061
40.274056451282,1114.93963064497
42.378549643325,1112.63981497858
42.5638994841784,1111.83566241118
42.4943796088378,1111.65383862317
42.4248564159226,1111.47201572953
42.3350230022126,1111.23695141698
42.0267269881295,1110.98841645127
41.71842775699,1110.7398825783
40.2229624116671,1110.47152080398
40.2229590940895,1110.47152080398
39.7340441073065,1110.20898024219
39.1184473529539,1109.55608571978
38.9787426358017,1109.17866719847
38.8390341847058,1108.80125139749
38.5472630333773,1105.76094639899
38.8123110830271,1103.94121466092
39.2198591185992,1101.14255528729
38.8947031662469,1099.40105532741
37.6923294693607,1097.68043007103
37.3391267011651,1096.32822713019
36.8094626605924,1095.73982382344
36.7752841847039,1095.70186267343
36.3430301356839,1094.66085387114
36.8155828211004,1093.28775323418
36.5865969499151,1092.76722386888
36.0193173303477,1092.71196219998
35.9168724501477,1092.58856992142
35.7376747487834,1092.37295521476
35.7377201375763,1092.37278644544
35.737681383947,1092.37273976802
35.8518580082902,1091.94838949963
35.8592374914299,1091.92095065504
35.9418362883761,1091.61372884501
36.1070274932714,1090.99929183339
35.7878433423057,1089.75141930689
35.6282477114133,1089.12749760871
35.0689801368897,1087.7745251779
35.0819959877111,1087.74553687296
35.2781435623354,1087.30846589432
35.7143092510829,1087.05395743611
35.7181939228254,1087.05168875054
35.7181972404001,1087.05168875054
37.0599291919488,1086.95582883896
37.2501737408349,1086.77527452173
37.6306556691931,1086.41416948463
38.0482590803736,1085.58613253751
38.2570577795053,1085.17212024359
38.5262295802901,1083.27918288991
38.6902009397949,1081.72309460729
39.105445260963,1081.56265382814
39.3822678982364,1081.45569379157
39.7535182981122,1080.96182031168
40.2960984485016,1080.69162491254
40.8066075592821,1079.44200963314
40.8089464527285,1078.85296875249
40.6930070070939,1078.55796715228
40.577064243879,1078.26296783761
40.2569078836096,1077.79045681341
40.0838065457233,1077.14189436252
39.9984286410852,1076.52306214389
40.0884876501937,1075.93449708797
40.1002355048557,1075.90938411161
40.3137877816075,1075.45275483802
40.6372849442836,1075.11799385429
41.2745393462605,1073.49394518509
41.3177868211057,1073.38372264498
41.3310415624765,1073.36580832234
41.9674214927345,1072.50550947815
41.8998718833824,1072.05784928257
41.8929721413711,1072.01214606009
41.3307021575186,1071.17871575134
40.4061923193175,1070.57677522531
39.0680243787235,1070.17993800977
36.0738649700685,1070.83677878261
36.0738616571305,1070.83677865685
35.135106128543,1070.80114258003
35.1351028155937,1070.80114245453
34.4501586953958,1070.77519600019
34.4501555400985,1070.77519527449
33.5233064838735,1070.56202631964
33.5233033285847,1070.56202559394
33.0140482627919,1070.58490367422
31.4862830654166,1070.65353799694
31.4862731126867,1070.65353799694
29.1986561755318,1069.57596638395
28.6062160969348,1069.52041481468
27.3378408457395,1070.34261203936
27.3378375281619,1070.34261203936
26.7706309862427,1070.35639263785
26.487027270561,1070.3632823343
26.1803407271731,1069.94631428984
26.0872776499669,1068.36342496133
25.9341016936749,1068.12895230852
25.7945477030837,1067.96301760804
25.627072994901,1067.76389695234
25.6007914352494,1067.48080799262
25.5788818372259,1067.24490207087
25.9778509852469,1065.30215083798
25.9841637593476,1065.29197387156
26.3944108524905,1064.63044122998
27.2993204318708,1064.19512763364
27.2993237463525,1064.19512753078
29.3873435012143,1064.13032617807
31.3184035974427,1064.45336574456
32.0150322274832,1064.32785254935
33.2838570388074,1063.35002616475
33.2838599659216,1063.35002508078
33.4905236778426,1063.2734933567
33.6971880056568,1063.19696155621
34.0089936282378,1062.7838368284
33.8837616428281,1062.18665600327
33.5000437797502,1061.71746434731
33.3020417971079,1061.61958674149
33.2030374882021,1061.57064803148
32.94906517723,1061.44159221415
32.6950895486719,1061.31253682741
32.2689597511384,1060.7505750619
30.7244007772361,1060.48181474536
30.7243943319267,1060.48181362385
30.4504065117849,1060.34189050603
30.3134092841393,1060.27192913674
30.1984444630996,1060.10913502263
29.8535397045936,1059.62075630066
29.4494609272681,1059.34597534269
29.3147650110959,1059.25438300201
28.4114078654698,1059.48223549108
28.4114045504245,1059.48223539805
27.2261868825948,1059.44897767806
27.0087140101431,1059.60837855118
26.138824539159,1060.24598964579
26.138818315994,1060.245989143
25.4434084843641,1060.18980541377
25.443405166778,1060.18980541377
25.0587965336419,1059.87616543219
24.9859939135302,1059.17559716961
25.0613577049007,1058.7184963898
25.2808786130866,1057.38823138744
25.297124772707,1057.37186735704
25.5602641550968,1057.10671148683
27.0102168992768,1055.64567993475
27.1221036368077,1055.53293221744
27.1626688301728,1055.4130442776
27.1982454005259,1055.3079002111
27.233120545186,1055.20472434597
27.2796140105228,1055.06715722475
27.0760174832224,1054.65110692067
27.3088933070996,1054.49699940087
27.3088982811887,1054.49699929298
28.2366245148531,1054.47687507007
28.8849591422718,1053.80675155568
30.3802021092412,1053.66039561752
30.9975770861414,1053.81966534133
30.9975804037161,1053.81966534133
31.9737956475863,1054.29225868206
34.9024542412755,1055.71007454053
35.700713597216,1055.76668276773
35.7007164763172,1055.76668390674
36.8318356423424,1056.21417047628
37.3943312215849,1056.94342074529
37.8755660121633,1058.34653420311
38.2853335083331,1058.76380799948
38.3688237103218,1059.33262926771
38.3844063805405,1059.4385374985
37.9682956726579,1060.08443329038
37.9400232614134,1060.49914259902
39.3776033816652,1061.44116167001
40.5372167983786,1061.44783508539
40.5372201158457,1061.44783510448
42.3943580469879,1061.17336511329
42.4067445380997,1061.16299161612
42.8863914203081,1060.76112320607
43.0396768567162,1060.99544343541
45.4080005467773,1061.44977255342
46.4102080522053,1061.9481312253
47.1057286519708,1062.00388693168
47.1057313973769,1062.00388566093
48.2684639107427,1061.46570269276
49.8133515135331,1061.70766841985
50.4843912756681,1061.52974622458
51.2869999781336,1060.85993147153
51.2870031319013,1060.85993074279
52.6029078756285,1060.55586544777
53.4045246218748,1060.06742739743
53.8428996047895,1060.0179166124
54.3601931653499,1059.65756610957
54.5023580757747,1059.42217767158
55.608754201985,1058.89027179833
55.7141803172075,1058.68550812715
55.8195996401697,1058.48074584232
55.9784519747315,1057.93744449309
55.7756218082716,1057.49510293486
55.6600705194123,1055.78293343373
55.6600772251212,1055.78293447895
56.3926719284799,1056.00893685968
57.125272805362,1056.23494143537
57.5117642046793,1056.23784718848
58.1337107660216,1055.77583049279
58.9143902689694,1054.77056219168
60.4133124314546,1054.18555771396
61.0342504885711,1053.85313358905
61.8390886043726,1053.02945715664
62.3798053108139,1051.92737517766
62.4982653901284,1051.68592956828
62.6501571341905,1051.37634564727
62.7151750543394,1049.58815423708
62.1433239013255,1046.83619072576
61.5841658069122,1045.82114631041
60.6126856802339,1044.85497408479
60.4618486173854,1044.3614607612
60.4618598961209,1044.3613900806
60.4618486173854,1044.3613531723
60.6763834212524,1043.01705516415
60.7592895118286,1042.49752747103
60.969796556907,1041.90302394199
60.6673394824932,1041.01956910991
59.8306634557136,1040.40866413377
59.4123191188599,1040.10321542144
58.3929729572798,1038.69613002368
56.6076242637991,1036.42822465595
56.2273566832411,1035.64793949654
56.1088063026504,1034.32555580773
55.9091012959455,1033.52089604269
57.4236028110634,1030.76026571097
57.994339257429,1030.19465430395
58.5650690686112,1029.62905092864
58.5943500239853,1029.1629369721
57.3701632428555,1027.65116922325
56.0768580134904,1025.10279193375
55.6970349885657,1024.29692035637
54.4386804576809,1023.48966707125
54.2852822235736,1023.3909525195
54.2763712135053,1023.38841990742
53.7767835658717,1023.24653722426
53.4929049358219,1023.06265848717
52.9287439317396,1022.78635807529
52.3645762925079,1022.51005956651
52.1624195946546,1022.0422005804
52.9630311143574,1018.39682907485
52.8460345829899,1017.99883305959
52.6120345364239,1017.20285163283
52.2286550664324,1016.86321156004
51.9200870108452,1016.83493522835
51.920077058104,1016.83493522835
51.5992764876664,1016.39743955547
51.3854026993091,1016.10577826326
50.8059841477928,1014.52171883507
50.6876134571553,1013.53715304658
50.4196022684811,1011.30820607622
50.4196093581472,1011.30807763443
50.4195989509063,1011.30799107653
50.5031182344632,1009.79519376561
50.5396057488262,1009.13418745239
50.8568658623251,1008.04937158166
52.4225742147571,1005.23986294362
53.0783361085385,1004.2820001552
53.5155042863741,1003.64343712735
53.5761589937833,1003.53197215283
54.6374996707023,1001.58138535544
56.0453542799552,999.133411356101
56.6416958037567,998.516873367897
57.2416999351636,997.408589806854
57.4569975648256,997.051490938129
57.4027816830474,996.595100959496
57.4595056548265,995.599109463457
57.5162229914335,994.603142049273
57.8541848000827,993.906188710282
58.6569063002588,992.8753941657
58.7619971831221,992.448975639022
58.8670815874031,992.022560877439
58.7912748427201,991.776341531089
58.7154615758349,991.530124017811
58.1241428671676,991.501220530972
58.1241362320153,991.501220530972
57.8172269661043,991.189085649378
57.6660581453104,990.619082931626
57.7472061362864,989.869119587287
57.708327552641,989.794848258889
57.5434934937064,989.480068020973
57.0507770705271,989.050439086031
56.4210568713309,988.501492155404
56.1477111890376,988.263153225303
55.9312560908644,988.074527443474
55.8181865158525,987.642394065364
55.5787035682127,986.727371901251
55.3568437665804,984.941080262216
54.922476419521,984.473221394895
52.1546635338917,982.906193206439
52.0746356256359,982.927187166613
51.7685731618012,983.007584099875
50.7580152679301,984.450661169041
50.3463534339586,984.526076829046
50.346317642144,984.526063332737
50.3462439538341,984.526076829046
49.8588815941917,984.342264825676
49.4993322966944,984.031902623469
49.014640588424,983.613363141227
48.3980485602662,983.558145463803
48.3980419251055,983.558145463803
48.2959615911541,983.428265943284
48.1938747741651,983.298387020886
48.3964826628013,982.991792495789
48.7901068178422,982.396335215345
48.331471377816,981.669615983983
47.6378418394955,981.613971189387
46.6286176125272,982.798211549174
46.6286142949412,982.798211549174
46.03695387561,982.872442538497
45.3701498480075,982.610003878325
45.3701469663657,982.610002744179
44.7144234080374,982.645130640662
44.058697895523,982.680258671397
44.0586950442055,982.680257504655
43.4176055438391,982.417927510206
42.9577459170204,981.923778285746
42.8876149226703,981.612982811518
42.7824085306572,981.146794167494
42.9590819843582,980.604670462564
43.0179699350082,980.423963764094
43.5346607864894,979.961310622918
43.9568121780463,979.583310976434
44.0513461396693,979.498664550348
44.1816971500219,979.188982837733
44.0293074600272,978.877799601505
43.0796404176123,978.639660592
42.8772614419182,978.095286559495
42.7474256332579,977.994819359976
42.4877477677105,977.79388598263
42.797019155028,977.049846152034
42.9302465017714,976.729334138977
43.0926622337202,976.504413470273
43.5801271211643,975.82935722919
44.6501360370333,973.820777944004
45.6913085531814,972.17422470703
47.0479530075425,969.625099147405
47.601289581213,968.974454153456
47.8779549627213,968.649134924599
48.3462777344644,967.928881749955
48.7655069669412,966.89797560106
51.8894657534159,961.700334789929
52.3242743385339,961.41859258653
52.5723444180128,961.151110930544
52.9444393996689,960.749891791417
52.9444493524073,960.749891791417
54.741688713173,960.914596183013
55.2573230211621,960.555446562229
55.7286515197917,958.903717833588
56.0904401833604,958.491869264062
56.6312321584724,958.236344773412
57.0977634373633,957.437572174726
57.0977698161608,957.437570881507
57.8433761265569,957.286408285263
57.8433787126144,957.286410451348
57.8433893968728,957.286408285263
58.7127942420291,958.014640937477
59.2779571550773,957.991772762143
59.6387505448296,957.224568666134
59.9032412411439,956.315021249231
60.2641341582824,956.058436175403
60.264140606478,956.058435065036
60.2734432909984,956.056833162851
61.1382234254865,955.907813937421
62.219913538266,955.318857079346
62.3049254665284,955.218618266388
64.4677991450784,952.668221802403
65.3438723247406,952.104213983899
65.4604122522415,952.074371370326
68.6093192354418,951.267447821721
69.5622076474317,950.703565693353
69.7314207823198,950.239305057476
69.900627282033,949.77504941927
70.4800425159746,949.452917980282
71.6514598799312,948.801470577072
72.298560367819,947.745156987831
72.4973762632629,947.117241721992
72.9764944382187,945.6039496972
73.3800248852,941.782261046096
73.898330307459,940.751338443551
76.2911410507245,939.600030860979
77.5168804589922,938.42246181036
77.7093531427147,938.237560706997
77.7093597778783,938.237560706997
78.0939616181111,938.316756892472
78.7880375285935,938.113292152303
78.8439122000564,937.132033700125
79.5132791972647,936.695926608553
79.505832224587,936.50760139073
79.4932155755189,936.188590562523
79.4213302512241,934.37102099779
79.5128954413562,933.996961692548
79.6044539963275,933.622905576977
79.7976500562968,933.468820164007
79.9908391932225,933.314735521569
79.9908457238767,933.314734686598
80.3785713273249,933.26516240687
80.1479133052453,931.935615177081
80.5877447055118,931.422198172243
81.2329409028567,930.884323838192
81.3040830744948,928.018453853468
81.0353591469296,926.054263951605
80.7319001635356,925.406705501321
79.3493123630113,924.984124915869
78.1164533050787,925.156310191214
78.1164466981633,925.156309754701
77.2444806535,925.098700159573
76.2993752826757,924.498251459927
75.7145092658542,923.758349360576
75.1296366138832,923.018459606196
74.643448677336,922.834320481993
74.1572541056195,922.650182121644
71.617952328467,922.554707245648
71.3370926956252,922.372018251791
71.0110343616903,921.33704511191
70.3011520024677,920.170261883754
70.1985193672731,920.169511047379
69.664302834436,919.546280943395
69.5448899189476,918.790988859293
69.468147637623,918.305639185262
68.2668455188654,917.703244222491
67.0655367649527,917.100857389686
66.2229578664473,916.578495043479
65.8708565345841,915.620882350528
66.082358853479,914.770653584178
67.6600867959021,912.975433597721
67.8450020338605,912.254169666648
67.8797304545256,911.015553255463
67.6080008000653,909.594226930966
66.9444816119698,909.150721818647
66.280955788688,908.707221072618
65.8321138429029,906.974977156275
65.8322266406022,903.491601697448
65.8958976235465,901.814993012062
66.6111345561859,898.698591048796
66.463966736095,897.794643864396
67.224282936979,895.50435280331
67.5949759835307,893.882070185254
66.9118067729113,893.46375101265
66.5008184130555,890.687203342527
67.0197908013874,888.392481818097
67.538749648657,886.0979051644
67.8085949180511,884.904588768756
68.2959539601074,884.543159211898
68.478964907523,881.846031949129
68.5008941070405,881.523049577267
69.0649489485758,878.270629082609
69.2957131331911,877.805993163411
69.1661417539948,877.271648824519
68.5259418311552,874.631470950279
68.5515402734388,873.676450514991
68.3496058533979,872.407531515165
68.2435163008598,871.740804231542
68.3203315331959,869.856777517742
69.0384547598704,869.753376558818
69.3974632919341,869.288664380089
69.4997641688575,866.965922244328
69.2689999842422,866.733686464043
68.345604728466,866.6049537046
68.3455982175455,866.604952796901
67.8326473683577,865.908147063131
67.7119530442865,865.00952073416
67.7044030209007,864.95335720774
68.1402201501398,862.708072490389
68.2256765283819,862.57899271855
68.3965761418779,862.320834035924
68.6797142424224,860.632125147222
68.729759079023,860.333637043362
68.6928094374305,860.222066184418
68.6015185655665,859.946643767639
68.105785765059,860.256383440783
67.8579206878567,860.411257352603
66.8065001691042,860.669602000633
65.6524536506438,860.540777674591
64.523892776779,857.083005866821
63.9596123398452,854.064121374718
63.959499542146,852.206074226706
64.3441131516542,850.993318569731
64.3440003539549,850.425537718493
64.0301905229872,850.28078198598
62.4977677264817,849.574359626529
61.1643855739974,849.290800749181
61.1643792211028,849.290799398165
60.7541605341474,848.620004842499
59.9592419806106,848.516864179548
57.7285016238874,847.123897757029
57.6320730684421,845.460021048873
57.549053756708,844.027566943274
57.2543653697667,842.727534581692
56.7152797137937,840.349475190627
56.6208746757351,839.794883441713
56.7215101278186,839.124648622963
57.0295960058164,837.761504615459
57.5491665544072,835.462720452574
57.3199616320848,834.662665497955
56.5774608323304,834.171149989738
56.567344785877,834.157633370001
56.5006097032539,834.06852340623
55.8615603838199,833.215222374878
56.4295764151105,832.755386921812
56.9975858112291,832.295555772739
57.0812418921947,831.905081427215
57.1648913379854,831.514610182072
57.1648976926107,831.514611491522
57.8827909587741,831.824136953617
58.3954213308394,831.308026772204
58.8569522024423,829.760111259158
58.9594761723747,828.134813151617
59.267161751856,827.851001463428
59.5491360913544,827.180287372022
60.1515989979251,826.561021936676
60.7540543716089,825.94176517252
60.7540607313751,825.941763837993
61.3693193680359,825.812658323042
62.3433673011281,825.038559550447
63.625100813713,824.677260499189
63.6251074488738,824.677260499189
64.881222613687,824.754337409267
64.8812292488506,824.754337409267
66.2903113624594,825.261977495882
66.5987798906746,825.373098056444
68.4742871206387,826.370143253787
69.9058557871004,826.171985145137
71.2643978968493,825.552465151674
71.930873048168,824.958966481525
72.4689910543219,822.817709267207
72.4623094495114,822.569199877945
72.4174491415046,820.883083337553
72.6733738479224,818.535578297546
73.0044284563627,817.21624561347
73.2882972961413,816.085042880867
73.1087397863759,815.259681242732
72.390842689965,813.944369068295
71.6729378886519,812.629089361414
71.647226648669,811.520104686386
71.6136898526086,811.315048954291
71.2608007154129,809.157411538118
70.3648296202159,803.679671527308
70.327865151071,803.574858821992
69.2368260996837,800.481937755845
67.5194944180946,797.98077313055
67.4383807131512,797.790353524277
66.6857203751888,796.023613510734
66.6736974676116,795.995261056557
66.6991897473597,794.886264407336
67.0579726840362,793.803021744772
67.5960338904594,792.964795410824
68.1340892634898,792.126581453334
68.3902329301538,791.430291678521
68.1484543820909,790.767923781907
67.9289367914826,790.166755903951
66.4938050447904,788.568418248656
66.2887521001693,787.691658817066
66.7753281935032,784.158883257892
66.7496169535203,782.689139058945
66.2627024670887,781.889918500711
65.1608613773251,781.271365258678
62.0369092260141,781.13590061473
62.0369025908505,781.13590061473
61.9721169012523,781.073543142825
60.0106644605792,779.18386885811
58.2172009680103,778.281491183174
57.9353394262111,777.688595671158
57.4741428149232,777.430840350246
57.3935278872655,776.503630342406
57.2948077454345,775.368201541954
57.2948121272643,775.368198458223
57.2948077454345,775.368148067974
58.3609385958393,774.617903894275
58.5843309343344,774.460702403415
60.3698853177341,774.051742009445
60.7794780880383,773.742991843467
60.9842678380466,773.588617437139
61.3942015186064,773.05999372488
61.8041279531454,772.531376084693
62.0102956044373,771.940951381614
62.1371930146755,771.577406607506
62.0858766972482,770.159397284959
61.3172333721905,768.2774921954
60.6688311732539,767.044979272331
60.6255976990693,766.962812709185
59.9850660182843,766.576205056282
59.5239755695547,765.77712142332
58.7810302141443,763.585824487528
59.0372933136711,761.652401690193
59.0372999488347,761.652401690193
59.7289157164765,761.652294770823
59.7289223516288,761.652294769807
59.7495064799846,761.663589845194
60.0106644605877,761.806848414824
60.4279772939287,761.715577338313
60.5998864590864,761.677955669314
60.599915733633,761.67797248557
60.599992621622,761.677955669314
60.9187102729238,761.861098824342
60.9585582588466,761.883988895779
61.7702952789021,761.604394456855
61.9320405426768,761.548795932927
62.8371425416545,760.672057591121
63.2896869060067,760.233693785676
63.6207441085203,760.02977338362
65.0060100434549,759.176503288699
65.1596338729579,758.583553387248
64.9290909916976,758.300180693664
64.8567638194641,758.348713547722
63.6995671998559,759.125290805571
63.6994610373174,759.125290805571
63.3409036960507,759.125290805571
63.3408904257263,759.125290805571
63.1529960015047,758.884696138431
63.059042154243,758.764399207911
63.4945208903843,757.810461719625
63.1254999038333,757.209936122113
63.4412007550478,756.925071010935
63.6472556086206,756.30680823622
63.5718802057315,755.507663564238
63.7268443373123,754.863492061718
64.1631060221875,754.451901969224
64.1631126573398,754.451901969224
65.520315548082,754.608946631985
66.4881253489486,754.295712365706
67.0426085609265,753.91280414342
67.597085963984,753.529898055145
67.5970925240732,753.529898761859
69.0568208791519,753.687154498019
69.4156038158369,753.584579628538
70.0058210881521,753.018470328541
70.0058277233044,753.018470328541
71.2098568922893,752.943263919494
71.3566541734778,752.87932610337
71.7994040135811,752.68648319152
71.8766571088285,752.467493755727
71.9539036840292,752.248504876545
71.3934119227045,750.54638809698
71.5998615682473,749.709112625799
71.806304578618,748.871850014615
71.4241459778415,747.762770751528
71.6566883849958,746.654943239218
71.1735625741791,744.721215830496
71.1746772808273,744.076744250599
70.7174883054117,741.988449589457
70.821905797952,740.880471385635
70.9724111028522,739.946138089162
71.6382094679953,739.482076799007
71.8047100807352,739.035031549215
71.9454504918347,738.657153883499
72.5600453372384,737.935429899359
72.7136691667527,737.445735968004
72.7186518019743,737.442391571029
73.2514487798174,737.084773821175
73.2514542978297,737.084774571014
74.7625027819569,737.599685320847
75.6844486793351,737.161187521397
76.4525479213845,736.001206821859
76.6828675503664,735.382538987288
75.8120162406164,734.584019879841
76.1876145080501,734.386315697719
76.9387988919449,733.9909088516
76.9388109814755,733.990909473145
78.0655749920838,734.119308091565
78.0655813885984,734.119309375368
79.584973170378,734.56259296596
79.6535541707573,734.582684037088
80.9596652564109,734.685169986301
82.0606105997414,733.782787155468
82.3934567010451,733.009617857739
82.3931183079559,731.875637806078
82.2136704407595,731.076688075613
81.1634840615237,729.968981039449
80.7778406154972,729.451865157699
80.5769426671269,729.182507393097
79.8570412179247,728.21722225224
79.8570451913163,728.217174152456
79.8570412179247,728.217168824612
80.0103266543243,726.361658196403
80.4965643545802,724.892680014174
80.6755676661347,723.732846856912
80.858014625054,723.567501786954
80.9314857374003,723.500829663097
81.0167696439462,723.002643228844
81.0594049620641,722.753551658978
82.4928646487642,720.975039809151
83.3885380872444,718.578154401443
83.515738411951,718.431233508153
84.2588386788197,717.572933888385
84.8572702722588,717.447144161777
84.8733140913633,717.443770376052
86.4547179117133,716.421797113203
87.1411184446148,715.725944869308
87.508362672395,714.508640817546
87.5299586502245,714.437035466757
87.8724920832224,713.891033790812
88.6617442112191,713.654463170151
89.4489925212896,713.557890933206
92.0414021087244,713.24045358303
93.9869368036586,712.415007196436
96.3928718908422,710.610165770229
96.851867357522,710.067665477476
98.3122507901573,708.341629198007
100.291956552435,705.571907282193
100.615009159475,705.119823924847
106.558617564694,705.442639311009
106.708533224512,705.450781708123
110.907042692995,705.37061893447
111.976384775415,702.314315598425
112.96546134298,699.487368673403
113.760724924767,697.303636955524
114.343477643537,696.222321013197
114.928910966427,695.757708370852
115.820583404198,695.304526360767
117.030743459825,694.683148863662
117.71712408725,693.986703399644
118.680814537613,692.415766694851
120.42042044697,689.339530153362
120.507089292954,688.960441210073
120.570361763397,688.683511296729
120.879825565406,687.330064862044
121.00316802785,687.243566748688
121.037570895097,687.219437989793
121.468271250345,686.917363269328
122.707899668013,686.767388672532
122.70792884363,686.767385142773
123.183141288056,686.709892373663
124.407328069186,686.739630180184
125.230870697367,686.759597764191
127.559997187375,686.448445906695
128.123162917652,686.653993879905
129.786955503636,686.678179181638
130.375494080798,686.471616733609
132.653755444173,686.495214681815
132.668458955863,680.829839476315
128.724613513647,679.203945918261
127.727037307802,678.674874043031
126.729447831602,678.145806820061
121.589495599891,674.792148544197
119.697838393649,673.141757475679
118.96413581433,672.069633187333
118.72679618744,671.955995313952
118.42055707255,671.337422565222
118.112801089117,670.923397286398
116.521893138712,668.783187729259
116.427939291448,668.656853156695
114.769056722899,665.384360942719
110.836358347306,659.456958481184
110.479366903484,658.529530800896
110.277319685744,656.675357396771
110.314602642519,656.338318523824
110.32049111193,656.285080779
110.348674182468,656.02999038816
110.536469079303,654.332452021772
110.282209797714,653.173465192018
109.210651572285,650.932071217335
107.985250557112,648.999476166204
106.120532095206,646.937395494881
105.68616838935,646.550576426204
105.251797401076,646.163759151104
105.146387933075,646.109364736262
103.292899496509,645.152977526325
102.950930051996,644.97648588053
101.032785292198,644.459018199393
94.6374875740833,644.089660154721
92.3361756693703,643.236778343543
90.6484699714053,642.796577160539
90.6484634099226,642.79657646174
89.5604233029164,642.680699446747
89.5604167414336,642.680698747938
85.9930900151052,642.300520873184
85.4684343550617,642.42840260703
84.9437861119668,642.556284407693
84.9437794768146,642.556284407693
82.8208072287594,642.244130215509
82.8208007326215,642.244129260344
81.3620809975654,642.525074158872
78.6613590785902,642.471936745293
77.0897487524927,642.440939941136
76.4839320528881,642.539248088
75.9893541273312,642.619505214798
75.6314669370877,642.490129368887
74.3780057899408,642.385082263137
74.3779992005838,642.385081710908
72.6894043913521,642.48522109456
71.8700949944223,642.818504453021
71.87008847567,642.818505328508
69.9764339702424,643.072829588373
65.9344213521518,642.988694782848
65.9344147198263,642.988694644797
62.9828970607053,643.116257274792
62.9828904377836,643.116257561031
51.0434365662924,643.630939844225
51.0434332547961,643.630939986977
48.9501865878377,643.937392812039
48.9501833391853,643.937393287642
48.8656946087653,643.949730935823
48.6122281656854,643.986743931544
47.8288861291842,644.201443645518
47.3066644806176,644.344577263413
47.306657845454,644.344577263413
41.2159304998157,645.207877839387
41.2158253419543,645.207877696988
40.0134572755149,645.205423610511
40.0134506403938,645.205423596965
40.0084570285584,645.204261536989
39.6596838837021,645.123206531001
38.9490575658854,644.957729898817
38.7859429623339,644.919771771162
37.201327662176,644.898841680207
36.4835196685277,644.889360651606
36.4835164561421,644.889360067357
36.4675011027067,644.886447275181
35.0513903311558,644.62889267864
31.8800167005707,644.132982119273
31.8800100654156,644.132982119273
31.0751144916786,643.693655349568
30.2702110833863,643.254330968851
28.9912742901999,643.148481776173
28.9912676550476,643.148481776173
27.5888986725351,642.704204043668
26.5371148695486,642.370997121921
25.2091890408542,641.312474498008
24.0847469417524,640.795143376661
21.8781765725679,640.414924807909
21.8781685154461,640.414923419573
20.2999991929561,640.143057970798
20.2999943586009,640.143057137996
19.9680456625247,639.859135229679
15.4960067527797,637.815222832393
14.6801459795895,636.706310455545
13.0455315040077,635.595496839057
11.3831969444181,635.411457129344
11.3831928471601,635.411456675734
11.1712368492978,635.323330963949
9.95218436590925,634.815971512352
9.95218153403092,634.815970333753
7.72768844484011,634.373106226557
7.16585031008965,633.985563354814
6.24361882100459,632.93392081391
5.96694888986296,632.618431579599
4.76636957354068,631.946212030379
4.76636667066102,631.946212030379
4.35904754805364,631.198734508589
4.48760993261165,630.941551840686
4.30939997304938,630.606540868853
3.92813089821768,630.332582466938
3.33913947147251,629.909165394482
2.88076391653129,629.093129000481
2.60064133120702,628.594445807454
2.39442780808551,628.397471906864
2.14134175325866,628.155731813682
1.4256683610313,627.922269090397
1.42566493783125,627.922267290523
0.619157470635895,627.291967831271
0.302454404810113,627.04442517955
-0.00000933067306987567,626.913747221182
-1.52598777648247,626.254677939206
-2.81460195660662,625.698134347192
-4.42594991965033,625.616902273097
-6.39375421431342,624.968383445508
-7.1633011969607,624.56612839285
-7.17988271542113,624.55746098364
-7.18556170781248,624.554495090351
-7.54027004706384,624.216392199268
-8.51226871893752,623.289912140239
-9.48241837053486,622.61810880403
-11.0151733548685,621.919165074356
-11.4238294444857,621.623829163832
-11.8324851543378,621.328495755458
-11.9089592565655,621.273199779156
-12.0874046342121,621.144176015482
-12.713433931631,620.912337230335
-13.6972044456372,620.548020396724
-14.2294078588284,620.248608547093
-14.6164714800533,620.030854104871
-16.6872368996372,619.66499795271
-16.6872433357808,619.664996815591
-18.9606112696114,618.603698881697
-20.1878950110587,618.445892270891
-20.1879016462223,618.445892270891
-23.0502593480008,617.640332466312
-23.6867833929249,616.660447932838
-24.6580429005682,616.426278263631
-24.6580459480082,616.426277352055
-25.0925182292863,616.296315262317
-25.092526173053,616.296313475088
-26.626390929926,616.060439809661
-26.6263975650896,616.060439809661
-29.9742201974592,615.150332932731
-29.9742232886975,615.150332092385
-32.0705884113251,614.861346440738
-32.7823649557562,614.683500713052
-32.932017854628,614.646108239589
-32.9742918852926,614.635545597571
-36.1340856704816,613.846093663872
-37.1880606406415,613.795881692699
-37.284897549054,613.79127322841
-38.0141476142948,613.567304768334
-39.3103626833325,613.169267094869
-41.0920321813202,612.622030223561
-41.796239035994,612.074371077978
-42.8525587460734,611.252891201731
-42.9830782873973,611.200255634177
-44.7172606200778,610.500956536263
-44.7172653825338,610.50095055653
-45.9910916586372,608.901557073072
-47.2150854121987,607.765566753438
-47.8270865185134,607.197577957446
-49.0534898642017,606.727547374611
-49.0534927602297,606.727546264689
-50.5345928864189,606.159940051242
-50.5345962040049,606.159940051242
-51.6068245804603,605.564718498023
-51.9639387747196,605.254872649053
-52.166427230507,604.585171118302
-51.997446326181,604.16405169645
-51.9086115038622,603.94256248971
-52.1374913033942,603.530031446753
-53.0306068881904,602.935526228414
-54.2025816054598,601.568024085407
-54.2506617102718,601.452071159037
-54.8117123976705,600.099301613828
-55.1937615183452,599.634970758555
-56.419610406726,599.142225829848
-58.4638831946257,598.698322633566
-58.4638892992126,598.698320700001
-58.8950222407107,598.515396733505
-60.1748647030502,597.972596909053
-62.1689290387672,597.837605499741
-62.1689422490858,597.837604605447
-62.28808137247,597.806468398289
-63.0998948263973,597.594330429036
-66.8287611265588,596.619802919145
-67.7657322687171,596.841853777075
-67.7657384279705,596.841854712596
-67.9689534336338,596.442375257668
-68.1721750744606,596.042898135682
-69.0894393193551,595.06215516624
-69.3676249832388,594.134844564406
-70.6321445614952,593.84192501567
-71.8460425441156,593.560732877801
-73.022024897246,593.505395780457
-73.5335359169952,593.529545779893
-73.9666857124398,593.090582213758
-75.269678273519,592.751845423431
-77.3631504669423,591.818541960016
-78.5382370736536,591.505826553552
-80.3548639052682,590.754003957028
-80.6064425827359,590.649784708412
-81.3196624271275,589.875528573023
-81.4712890738594,589.360464331749
-81.7242014182299,588.561914431488
-82.3105238523805,588.07100804841
-83.459899219109,587.732615704856
-84.1221345040131,586.984298984328
-84.5561734107273,586.828325165061
-84.4259252453327,586.13401669762
-84.6550306402717,585.82457857213
-86.3391865283335,584.89248781493
-86.7966984148144,584.136206013196
-87.0254609932227,583.758068184193
-87.7396827465804,583.292621384883
-88.2734613589449,582.390147414359
-88.6062209240335,582.274338563363
-89.2437206164196,582.052475571223
-89.6512059215928,581.613664186626
-90.058697254715,581.174856201247
-90.101001560822,581.163085725915
-90.324634415623,581.100873363449
-90.7432125515146,580.984401353901
-90.9016145463266,580.940328741507
-91.3910769633654,580.907388801031
-91.391083568859,580.907388356496
-92.5119543235614,580.831807200199
-92.5119609289445,580.831806754791
-98.158965353752,579.988635005532
-100.204239754339,579.981386085609
-101.341592213499,580.188513606666
-103.04344404254,579.390282246127
-103.622192470312,579.427618781898
-104.200940898076,579.46495533746
-104.606256175478,579.998602271645
-108.435870725416,579.797285090236
-111.816198352582,579.881345149577
-112.041064302478,579.886936991316
-112.449166373799,579.628055445607
-112.677813919348,579.267105190257
-114.915222634021,579.361606193612
-117.152631348666,579.456107323815
-117.152644595549,579.456107883316
-118.174658090935,579.297885582739
-119.196684849797,579.139663335555
-120.551544453298,579.108802804501
-121.624224020559,578.821781713619
-122.592147702162,577.891916024391
-125.402973443862,576.189770131008
-125.499594624932,576.131195636621
-127.899969449114,575.427399425851
-128.317747824432,575.159535897782
-128.384442197138,575.116782616913
-128.689447172509,574.678254544242
-129.429174475931,574.263712632187
-129.434415333982,574.255118320227
-129.458579005875,574.215593198376
-129.886363451355,573.515859132082
-131.953560416319,572.633122847613
-132.465290396303,572.733904417774
-132.65570034648,572.68344468165
-133.154696656099,572.551207948257
-133.687579522045,571.571540760735
-134.427970341335,571.311357230894
-135.242728019393,570.510667284231
-135.357543441803,570.46137597789
-136.487710080186,569.976186961768
-136.875892712809,569.809538004632
-137.844699231438,569.17540433229
-138.813518289527,568.541276396304
-142.289797377127,568.45020026895
-144.895450741342,568.053760482718
-145.004546020775,568.046832531723
-145.908337203512,567.989664042345
-147.067841512414,567.916320718342
-147.067854648205,567.91631938378
-147.069301343947,567.916172402843
-147.859893677384,567.835850098201
-150.029510952112,567.055183176799
-150.486142574214,566.230186950243
-151.864716228104,565.812869611135
-153.780313086957,565.444741342382
-154.420287414398,565.647829823375
-155.159775852105,565.233180347308
-156.055004734941,565.3581451422
-156.206843706755,564.997266588804
-159.281164870964,564.536951878968
-159.823841231151,564.464531714141
-160.089778392059,564.440711410886
-160.930691865733,563.819840906194
-163.228991408393,563.308430074627
-165.527290951061,562.797076143268
-166.318215139047,562.459230694295
-168.404906200285,562.150108816298
-172.575050365304,561.532028872058
-173.470717168612,561.399237488553
-174.644038823112,560.853900137898
-176.037309585212,560.899220648701
-176.1920611637,560.904254431941
-177.430567714661,560.94454056101
-177.430579883942,560.944540741018
-178.401170899354,560.785853151477
-179.49845363509,560.369473056419
-181.130171863893,559.461960268688
-181.741097466534,558.89329851102
-181.610623705752,558.3022615829
-181.727283066104,557.305257274579
-181.758242716629,557.041182091002
-181.66750688753,556.771486334882
-181.576784396354,556.501791772658
-183.277853303951,553.9992707871
-183.827902094787,553.778913437226
-183.99219449016,553.713095700497
-186.13832330308,553.523360792506
-188.358367783968,552.767463047
-189.861735502787,551.757480230909
-190.292091896408,550.880975944328
-190.160198211673,550.007145972889
-190.3123556711,549.749223980586
-193.016421709226,548.656595165756
-193.857109587502,548.086898012025
-194.085093640624,547.64869289183
-193.954181959369,546.980548260377
-194.509995933793,545.61492208676
-194.594275719665,544.420119545204
-194.629787089061,543.916887867771
-194.846066722215,543.710130204109
-195.062359625693,543.503373110418
-195.879000752326,543.268115441364
-195.919680939327,543.269494510547
-197.519624300612,543.323733037073
-197.92783253448,543.310894009148
-199.199659755122,542.918425696318
-200.119717401834,542.939841723457
-200.862549959523,543.296350216682
-201.525123637516,542.907451316613
-201.752550337305,542.3664057301
-202.472015981014,542.043079911545
-203.381932990245,541.634167779713
-204.147590493893,540.813132138797
-204.503142108276,540.398995181817
-205.115514175507,540.190276131138
-207.260528281759,539.871445310913
-207.876907984842,540.48577517142
-208.178913868471,539.532852182367
-209.453634018308,538.90958056498
-210.394393360174,537.92780500044
-213.203440879346,537.528546139722
-213.402800857801,536.498846190691
-215.697557225718,535.459145724735
-216.002336605679,535.071938436431
-216.126015963951,534.248417025343
-216.840131554773,533.962104257474
-217.296763176865,533.291310937221
-219.204557089086,531.533362824805
-219.710275615292,530.476631845808
-220.321758571254,530.113578677686
-220.88325224153,529.98233452695
-223.439579835926,529.998313916448
-225.482863688911,530.011044165793
-226.190304310075,529.784403430833
-226.64948383311,529.425135290073
-227.363612694247,529.630682268738
-228.821887874497,528.374452042968
-229.128352584786,528.321508127589
-229.487128886299,528.551074059636
-229.955889578515,528.391230051902
-230.252454632002,528.290135945367
-230.740351121917,528.776273043767
-231.047107836314,528.800454813674
-231.353837895816,528.824636582149
-231.353841753844,528.824634794067
-231.353864436445,528.824636582149
-231.914668050219,528.564709551802
-232.626673660567,527.892578530162
-232.88215381136,527.891246950618
-232.914108735684,529.125471255539
-233.248626896969,529.586579372458
-233.633121073625,529.816095808391
-234.527779332815,529.888695371197
-234.735512881561,530.530589277839
-235.170328101842,530.60542664757
-235.223303208937,530.99090683773
-234.744749022478,532.330488191792
-234.900383305073,532.766953132746
-236.157055823219,533.660611414819
-237.511371336881,533.653686681523
-238.587169428724,534.136821502544
-239.66251632978,534.542774304198
-240.454435791574,534.512944343665
-241.217532123954,533.840441631464
-241.326401807989,535.100010765504
-241.765012339049,535.920771404021
-242.61224248381,536.662063089112
-243.560035093911,537.094397795354
-245.068180126997,537.189484060843
-245.267139502661,537.556665232765
-245.790775450634,538.523048199658
-246.988840278906,539.555529176919
-247.125716300876,539.673488539887
-248.91105172403,540.510493369658
-249.892550940359,540.970658203024
-250.07868041236,542.332630465214
-250.855126684057,544.180330241638
-251.317889192799,544.692247505252
-252.418927428352,545.098043914242
-252.526151593034,546.023387297941
-252.679423759127,546.02248160764
-261.206611239572,549.089478415475
-262.282860522213,549.598072839402
-264.483981530475,550.177744734663
-266.00860829778,550.317974866569
-266.069386351517,550.323569159255
-268.167980887469,550.852258363605
-268.991855273595,551.036871576982
-270.678141047596,551.816141547633
-274.029400465833,552.389330597459
-274.147187803178,552.42081936073
-278.457811548305,553.573871470064
-283.538326028322,554.455043274168
-285.898007340362,554.864273143436
-287.909940152269,555.213196213489
-289.66377184189,555.517386699192
-292.301167805352,556.325477059013
-293.579656725319,556.42112067848
-296.67689572769,557.200767363462
-296.960986682814,557.305257274579
-297.0153153623,557.305257274579
-300.031419644019,558.236081943376
-301.546120213895,558.466858385979
-302.822631856576,558.661241880128
-304.099116958625,558.855625891851
-308.450613281372,559.884942627336
-311.699478930475,560.328709072263
-313.518879258425,560.722042507506
-315.338279586375,561.115431356552
-316.332040575985,561.330177539136
-317.508560376974,561.451885086673
-321.886093062488,562.531755428465
-322.90811982819,562.44835998359
-327.721476278096,563.705483226149
-329.047260609324,563.95370250224
-329.717650504273,564.07919797356
-337.623654426724,565.26536742091
-341.156717193497,566.118116943461
-342.804253640664,566.696640925177
-345.69142351842,567.710454669151
-346.286199144768,567.860524192679
-346.372376586028,569.680248724992
-345.415799025796,569.467449524503
-344.884827085565,569.753207073791
-342.475415175224,569.042865580625
-342.227737971071,569.221342948032
-342.157272585619,569.684831935373
-341.697190681,570.184297038354
-339.889906152849,569.223794416903
-339.965254992546,570.130203867194
-338.114151898863,570.098707700428
-337.783959861052,570.460944222767
-336.808910018982,569.875142011185
-335.760501862274,569.830215784128
-334.528751000225,569.065994602274
-333.200047199163,567.87640514781
-331.675420431858,566.511028864948
-330.090360639067,566.495041629776
-329.219164301061,566.165918537016
-328.657325602526,566.246493870174
-327.693077798839,567.409996813646
-326.23466991541,567.187292165041
-326.006022346429,567.420175482415
-326.193160362548,568.756737817038
-326.338204931853,569.097757049704
-325.138727481737,570.012851997946
-323.580818758361,570.253365470397
-323.427083025659,570.277185504972
-321.866506073992,570.000434639199
-321.536765226969,570.645020981261
-320.998998884226,570.415644572006
-320.360908941851,570.649817428894
-319.491278501296,570.550317853199
-318.070611400591,569.778148294096
-316.972014903437,568.923596688823
-315.909460588366,568.995701584948
-315.661889546748,569.637454344623
-315.378674432569,569.887239588413
-314.776679753563,570.030172351729
-313.677738228148,568.676479424206
-313.182251116676,569.425401372617
-313.005145460515,569.461214245669
-312.831251221165,568.947525060944
-312.722275374583,568.940383853285
-312.445084984516,569.610861087512
-311.598943005774,569.178548841826
-311.458675750752,569.149930630632
-310.984686553477,569.053470822345
-310.653512512177,569.235518834431
-310.225146666155,570.292856015906
-309.913904641607,569.548614784833
-309.506028165675,569.731090400679
-308.329269498975,569.583575030365
-307.429037706467,568.662783279818
-307.019701495618,568.613807594244
-306.822212631924,569.798239838986
-306.619415641254,570.082399905445
-305.264303908546,570.03891247031
-305.086534736514,570.245637903309
-305.086533696759,570.245691176412
-305.066947748017,571.249216036525
-304.483850000996,572.075709006415
-303.997944058683,572.052792190655
-303.769960005573,572.414399084316
-303.643838908905,572.698036608344
-304.265659442127,574.109365940354
-304.471933255955,574.391251432762
-304.82927636319,574.286310380409
-305.11145639261,574.464694272652
-304.808017314704,575.032466483856
-305.499321229891,575.208560468601
-305.731737569019,575.593154662868
-305.380976539223,576.804298913456
-305.435756409494,577.421444684146
-305.795541255128,577.728020871817
-305.848728687309,578.087951116456
-306.189696222864,579.552475219249
-306.497063314724,579.653639743725
-306.904594762406,579.393852948828
-307.024956541314,579.244292089738
-307.181546286762,580.067093951367
-307.823086511665,580.630593789883
-307.645529664707,580.991551603919
-307.108771866085,581.019375068249
-307.31849596244,582.330821525181
-306.961152855208,582.486518777214
-306.962612590123,582.846793205021
-307.704317170842,582.921151007504
-307.754293186206,583.040390171836
-307.833463899882,583.229350282969
-307.630507851494,583.641812422939
-306.71002535333,583.61969242246
-306.709998827897,583.619691785017
-307.096748958507,584.415839561596
-306.534246743699,584.418078234615
-306.534220203475,584.418078340235
-306.850398786096,585.791742496886
-308.550565312111,585.22015206295
-309.330666753906,586.574209785679
-308.480338792379,586.432261981013
-308.267934091902,586.717555180569
-309.756492136486,587.714864545245
-310.040131900824,588.142332921211
-310.253200117162,589.069243097978
-310.040928119869,589.497199600559
-308.986495239049,589.82797745984
-308.707977817243,590.292721692252
-308.568055590458,592.55795481293
-308.568058515482,592.557960767548
-308.568055590458,592.558008123442
-308.627055421665,592.67806350453
-309.256785064068,593.851066779538
-308.619385178202,594.316851072607
-309.210683981392,595.112215581243
-308.32013952059,596.222244042096
-307.962132897495,596.223683502825
-307.773349362004,596.042684882797
-306.678627797538,594.993488756563
-305.35072021552,595.436089756575
-303.661435349788,595.056557358535
-303.586769050968,595.418013891142
-303.485869050449,595.906469742134
-303.488086596249,596.468867799305
-303.500784887211,599.689406442883
-303.758255585617,600.125959814048
-303.999524861848,601.081099994338
-304.121941904576,601.565784748621
-304.754884859625,602.701619087012
-304.990128253106,603.123794795558
-305.152196267065,603.414649038734
-305.424503180326,604.071808871645
-306.185157774305,605.907144874488
-306.462445038648,607.615108774152
-307.312577400876,612.851973681599
-308.067006937485,616.222269931881
-308.406318098084,617.738193701107
-308.40875870026,617.852694249425
-308.437581829677,619.179464223023
-307.560281145667,623.66192390491
-308.228282383477,624.405741269198
-308.919241270412,624.454543579084
-308.795906940401,625.613435811301
-309.052501797854,625.792647787385
-309.052527718527,625.792647064104
-310.126733992241,625.76267241662
-310.464251245268,627.022716618916
-310.464274135924,627.022702992455
-310.464277785897,627.022716618916
-311.204443009791,626.582093074217
-311.971522399034,626.527637134936
-312.584582561135,627.072961013531
-313.047663557495,627.5335897771
-314.270947957042,627.620958129688
-314.374774287934,627.628373448397
-314.378464068697,627.628638869593
-316.227709340506,628.879011423572
-318.022864798544,629.64059729492
-318.566098512063,630.641319160146
-318.972196765467,630.098203866366
-319.584674995237,629.862972668914
-319.732580604134,629.437947716371
-319.83604134763,629.140695545064
-320.155466850158,629.089205304143
-320.500512681014,629.033642822341
-321.98283367641,628.014117169218
-322.467067558731,627.071574225051
-323.246857950409,627.070934168832
-323.671985838977,626.785256374215
-325.160437721023,626.570038773894
-325.986222967646,625.750563610679
-326.548804869154,625.722509708335
-327.19069012231,626.286229984644
-328.040070058486,627.544097442115
-329.627359264614,627.84642022662
-330.346610468269,628.538546279115
-329.773757406287,632.382497955615
-329.152600388924,636.549900247959
-331.838379958103,636.461507116704
-332.964711390207,636.611301344663
-332.964718851184,636.611298807182
-332.964737930848,636.611301344663
-333.884344386763,636.298535120152
-335.163049015435,636.215957624754
-335.624481108815,636.419896556096
-336.801239775527,636.415095439979
-336.798240683784,636.801373053294
-336.784864203836,638.54890693495
-336.776689686783,639.618907112471
-336.768488632156,640.688924832767
-336.490873591921,641.565406506421
-336.201792997444,645.712066616189
-336.30864559324,646.76719468578
-336.011868214667,649.162960094225
-336.007409388018,652.625461870348
-336.00597619374,653.720672913851
-339.029299528129,660.531903984671
-339.109107217038,661.252671736983
-340.708870521529,664.284620756141
-340.994872402356,665.313538490224
-341.139784268485,665.658044858336
-342.779199281389,669.555344769721
-343.698460709057,674.908353911897
-344.087758740613,676.142962993597
-344.19795545639,677.919789609414
-344.434299809475,679.317490655586
-344.557505240059,680.046220556292
-345.535017834106,685.828282004639
-345.538230974235,685.847288896521
-348.016011559881,690.473258066019
-349.014656026288,692.520953698171
-349.721088103331,693.969242977594
-350.032781318665,694.998348812972
-351.063699197036,696.539558353889
-351.063725733966,696.539558669044
-352.650908781243,696.558407891372
-353.699155274502,696.3992145525
-353.699768128748,696.399121480703
-353.244808566637,697.689337836033
-353.392958390209,702.171301481435
-353.536463602698,703.258548700731
-353.657993169532,704.179726141695
-354.09471931552,704.512707962108
-354.637395675715,705.644005958506
-354.722564572857,707.498681838272
-355.135430688141,708.192458182902
-355.499807063601,709.504941361382
-357.228478231408,716.696037982448
-359.336001185192,725.461351106133
-360.301989906254,729.47941058267
-360.258595968309,730.491789098253
-360.024268703483,735.949481694831
-361.076445630329,736.434353217481
-361.706188425767,736.921206017137
-362.335904915143,737.408063272846
-362.356320828639,737.775799998441
-362.391693329539,738.412944433136
-362.086449488445,738.852468782164
-361.610682068654,741.225800359793
-360.642081600844,742.235346914632
-360.515350093183,742.493280936602
-360.388591997673,742.751216263492
-360.235983347452,743.061873162683
-359.545714517015,743.322830589499
-358.305815680076,746.653232986375
-357.056707242838,747.973403753693
-356.672982744597,748.078159367924
-356.344038116619,748.956030002493
-355.883823508823,749.164315902165
-355.911107281412,749.525036679337
-356.479634219921,750.630891366746
-357.122926126726,751.272393585145
-357.360836377253,752.895424786732
-358.718814498517,753.902033175629
-359.36558322849,754.381504340644
-359.590562843753,754.866175592344
-359.831212125787,755.384665824231
-359.796989174799,755.936781552938
-359.796885631528,755.938452015428
-359.49717169592,760.773950958565
-355.97456593927,766.643143423074
-351.258533997248,774.500165537894
-349.934368644762,776.336517300339
-349.83494742671,777.007365004594
-348.86738204367,778.378177583498
-348.689055518303,778.698024737034
-346.908018309195,781.892965534819
-345.495826311329,784.426386446172
-344.011825984392,787.088761584267
-342.47753842601,787.817298946264
-341.878028582403,787.972771206573
-341.878012825478,787.972775292856
-339.736501283578,788.528142188661
-338.433303032588,788.865969977343
-337.94792790297,789.229206840653
-336.980919873263,796.711780520125
-334.162941430479,799.984123916655
-333.962028824884,800.255954816625
-330.557449271282,804.862534529318
-328.877161680756,807.551847312013
-330.888941800206,810.509657027095
-331.379970085028,811.461937711969
-331.438651428625,812.06314238437
-331.460441289806,812.287037440033
-330.78826844967,818.544292514656
-330.523477258719,821.009447772802
-329.363094163698,825.451085997491
-329.177070854235,826.010333250551
-328.42644862022,828.266923712732
-328.312668918739,831.672800448737
-327.806724797144,833.300235792455
-327.348102627431,833.972960509735
-326.689204827364,835.781589680281
-326.541974782103,837.395238835578
-326.517148966607,837.667336346745
-326.330508147758,839.713017710468
-325.438955142841,849.487337652442
-325.192731976604,850.022707375728
-323.615321583628,853.452655085537
-321.550911385344,857.941439727933
-320.917280269604,859.75037709684
-319.849178961864,861.922349733969
-319.419034893326,863.343441810458
-317.620668018474,866.238575378883
-317.329888823368,866.706846831578
-317.226486510101,867.666868722942
-317.107478303563,868.772418137203
-315.600554139689,870.301243501947
-315.219059054761,871.076979576575
-315.067883598818,871.774504700357
-315.073881782283,873.245561784678
-313.593577875127,875.032420311779
-312.698123396902,875.577937717223
-311.497080049343,876.692461194374
-310.926031750529,877.893872281038
-310.759489267027,878.244104361048
-310.092337329513,884.570705789906
-309.711638463643,885.578846798938
-309.566700056874,887.79944994043
-307.999555192598,887.237710271805
-307.202168360017,886.672922525064
-306.984754014907,886.183594839138
-306.606729217806,885.332798555771
-305.602060027284,884.252742103877
-304.204775225846,887.691239085891
-300.452964546891,892.558835285099
-299.466688016299,893.46375101266
-298.570118831397,895.550989454777
-297.562769036754,896.499171142079
-296.213814731328,897.015297306575
-292.898597495182,897.956004252684
-289.950092210339,897.960507341475
-289.442369866215,898.228227490938
-288.541023367043,899.380396310584
-288.156263784051,900.729562374268
-288.125901297813,901.839654880775
-288.486349659327,903.277893908
-289.81062117436,905.497909135481
-291.45088548758,908.150746682012
-291.782643422847,909.409124278361
-291.565992220794,910.161658171047
-290.475623320447,910.827763583873
-289.634046330899,912.444110315164
-288.774448250303,913.105637719664
-288.12945774288,912.911404196977
-286.712240924692,912.576779669478
-284.583947418373,912.616891580574
-283.744042488825,912.968140462038
-282.068539843171,913.914150009929
-281.405863808196,914.28827412334
-280.849027739327,914.602647045259
-280.291557089368,914.917380443244
-279.296681393091,915.219952480237
-277.931033028372,916.277951754595
-277.730651235471,916.539881231548
-277.849420576297,917.415350356136
-278.044149213973,921.000319307775
-278.299390499055,922.312588171516
-278.305839873314,924.04242224529
-278.456909166722,928.042271854899
-278.794771447988,931.031962338418
-279.715811098193,935.018389349827
-279.922708616938,935.789438675925
-280.129579595051,936.560501580823
-280.096536504703,937.542820318417
-280.245482547321,938.650825948538
-281.020150596482,943.02850157898
-281.977710160193,947.558391494754
-282.176797670821,948.156959956578
-282.712328391418,949.767320812776
-282.901434019467,950.77588673663
-283.026118316912,951.441025816118
-283.464941173046,952.931871693193
-283.750704188159,954.477304792554
-285.213995548394,962.644463917242
-285.269200068825,964.220528688581
-285.579460089881,965.688518394333
-285.770924229483,967.675985263377
-286.531127632667,971.204430539773
-286.474463377329,972.291611050897
-286.723175666233,973.218255074417
-286.854151271415,974.023430458802
-287.516725531714,978.097117707367
-288.00232810208,981.082986076492
-288.427138423421,981.799312470309
-288.42724366557,981.799489933928
-289.097394694807,981.890154866247
-289.737926375584,981.774460431594
-291.5706806804,980.808316485617
-292.342753262877,981.025426384956
-292.342801866636,981.025440052567
-292.744874138293,981.717204158627
-292.652910838641,982.288159060546
-291.922777974705,983.104052668267
-291.205543859301,983.247144541484
-290.596064721254,983.646773094422
-289.614804370656,984.777893070611
-289.422331686922,985.480171924735
-289.801252330275,986.481989950528
-290.491096510533,987.607385377622
-291.381216321175,988.44433406807
-291.885382220243,989.262819605527
-292.130484982819,989.982687662431
-292.204301059376,990.125750127989
-292.512563961709,990.723412719602
-292.535420231438,990.891419609408
-292.556170224719,991.044139821801
-292.442655929582,995.031356194777
-292.55885082883,995.831704123716
-293.005927822392,996.419509836772
-295.657655728646,998.109148780256
-296.158026316943,998.799617808164
-296.565929333504,1000.11288433459
-296.510485947373,1003.41816048966
-296.501674456609,1003.945133501
-295.730801718218,1005.5373792146
-295.685948045364,1005.9264753004
-295.925609977804,1006.4142479589
-296.34115669721,1006.64029354793
-297.484633407848,1007.32005017958
-298.62288161343,1007.68917009318
-300.270524223124,1007.7389381186
-301.02080142888,1007.98509188209
-301.384381585301,1008.18610064488
-305.558082195386,1008.50309455672
-306.355893678108,1008.72442205201
-306.437054939394,1008.74699558935
-307.319716831647,1009.19782400261
-308.339301858939,1010.13830213942
-309.181648526902,1011.23725624126
-309.430996185441,1012.26893691968
-309.41862985522,1013.04576329029
-308.243330923426,1015.03421450311
-307.841452630966,1017.11307628013
-307.908918924677,1018.04427681019
-308.377467291819,1019.84921782634
-309.040372727749,1020.97746804445
-308.257370919254,1021.84585412203
-305.95160018788,1022.48124161797
-305.06175976395,1023.31038277076
-304.988679415924,1023.37847880259
-303.980029130179,1024.61328807576
-302.724683643775,1028.00262295991
-302.272351604517,1028.65811180558
-300.753431073706,1030.18669557745
-299.400681457486,1030.90804229125
-297.74221026879,1031.79234709391
-297.183291040091,1032.24225089212
-296.782660157455,1032.92276291847
-296.594195109596,1033.96242969127
-296.686689221943,1034.86788482804
-297.088886002029,1035.81993651757
-297.641382397098,1036.51029855428
-297.930675316651,1036.86817716106
-298.631560401014,1037.19325034428
-299.844732818688,1037.35406682103
-301.867845789204,1038.20086510222
-302.653528201812,1038.96495691454
-302.897993989158,1039.71238919489
-303.047046194315,1040.90209219478
-302.920818935109,1042.56315363691
-302.648512021839,1043.21576339816
-300.962040463385,1044.02212687656
-299.954345640492,1045.36129701
-298.794652601979,1046.8585706315
-298.349805021751,1047.98091777444
-298.208768088301,1048.78694877835
-298.28780609881,1050.4189676169
-298.616087210909,1051.35041209025
-299.613961998909,1054.18200638912
-299.71927523788,1055.83975700799
-299.470669111523,1058.83667262302
-299.37674180489,1059.96894405034
-299.376745348861,1059.96900896774
-299.37674180489,1059.96905168227
-299.44118246623,1061.14936149188
-299.488610580656,1062.01604998204
-300.633414323036,1063.2976048642
-301.748174066796,1064.54540183765
-302.090707499805,1064.98050409588
-302.559362029474,1065.25790856896
-304.401812898762,1065.97860977111
-306.542580503439,1067.55020499458
-307.878768763522,1068.79835506571
-308.512506041777,1069.66952195658
-309.379243553145,1072.093326005
-309.117977543952,1073.39502793921
-308.706093432168,1074.93300978963
-306.978181176622,1077.81597810671
-306.600253302906,1078.44656816462
-306.600280422043,1078.44663059198
-306.600253302906,1078.44667584836
-307.13727650788,1079.68279752557
-307.564501106602,1082.03712873909
-308.380360221015,1082.98333919714
-310.383673877943,1083.98697702403
-310.833192609924,1084.62800953638
-311.210786221524,1085.58182396678
-310.772281852999,1087.43330071513
-310.754048436885,1087.51063603974
-310.866129537737,1088.02786048559
-310.876194600503,1088.05944850295
-311.384335432621,1089.65422318973
-311.164817842001,1090.38486515412
-310.106589650423,1091.85707151638
-309.832424892716,1092.54531300767
-309.315227541945,1093.84383893809
-308.186560505542,1095.73278203555
-307.60447130265,1096.39189840674
-307.042207953947,1096.7747902265
-305.257854534294,1097.99017987158
-304.704482298273,1098.83055746615
-304.534940723028,1099.48272504449
-304.727094919138,1100.15451372628
-306.698878301914,1102.27619551036
-307.600145179168,1103.66309568256
-307.866745855945,1104.15198734383
-308.453161182329,1106.73911461846
-308.510833981796,1107.4418555406
-308.551122665455,1107.93219791185
-308.44827770552,1108.6104975851
-308.365683249945,1109.15614231779
-306.393103648125,1113.06081377515
-306.434507038459,1113.96943737302
-307.54045529145,1116.73036774721
-308.062111468871,1118.54016465527
-308.267164413495,1118.88997485797
-309.871280382097,1121.62712571743
-309.967463642675,1122.71686833261
-310.776979545372,1124.72998039161
-310.970536887863,1126.96172159752
-310.91233678296,1128.07991451896
-310.912353053158,1128.08003313523
-310.91233678296,1128.08034582836
-311.296456627399,1130.88073189498
-310.768751966777,1132.85916346705
-310.680560523965,1133.18976079939
-310.592840620975,1133.51859349088
-310.587265021966,1133.61303930611
-310.55287042493,1134.19499413763
-310.55290353425,1134.19509855894
-310.552896965578,1134.19520982864
-311.208662970726,1136.26363768261
-311.52136473019,1138.09996663507
-311.558223335301,1138.4529885226
-311.572578075699,1138.59047533057
-311.599169473891,1138.8451637619
-311.649139953299,1139.32377839466
-311.029434063784,1140.84266210034
-308.412315145327,1143.43626962613
-308.320803036461,1143.61501580951
-308.126717346551,1143.9944113332
-307.687198461373,1144.85321082143
-307.52376123215,1145.87018510573
-307.523790709263,1145.87032531521
-307.52376123215,1145.87050874698
-307.692639291515,1146.67368744996
-308.121217462608,1147.55046196006
-309.147251864162,1148.59912410186
-309.839367909887,1148.86271857147
-312.607832157231,1149.91754746264
-315.389587954558,1151.72095315694
-316.085026887702,1152.17192669686
-316.383817872716,1152.52416334432
-316.796050344761,1153.01028768393
-317.193549582288,1153.47904416042
-317.554267197038,1154.4729106302
-317.709595690599,1154.90099558494
-317.665972882106,1155.25172480545
-317.596277175061,1155.8129625809
-316.975128586329,1157.24650276996
-316.801013593274,1157.64824279864
-316.091370099426,1161.43327498051
-315.828763785133,1161.94523291561
-315.566157476947,1162.45676652087
-314.727128388348,1163.27845209092
-314.212558560426,1163.43063816822
-313.697988732515,1163.58271696657
-313.553868664232,1163.54981507554
-312.833268309407,1163.38476640928
-312.321962979579,1163.26819844259
-311.65972105952,1163.85222940381
-310.732550522677,1164.07630298287
-309.539097796664,1165.34618805307
-309.061313288614,1166.13512648425
-309.061363895365,1166.13515086116
-309.061313288614,1166.13523442614
-309.286082498583,1166.24349837744
-309.532070224135,1166.36198297216
-310.052287511566,1166.61277256878
-310.747811378435,1166.66742278597
-312.486621078009,1166.80458842179
-314.876074430966,1167.3874904977
-316.939157597522,1168.52255804803
-318.270712705193,1169.09407773319
-318.919779011696,1169.37266826988
-319.47413325121,1170.01358399625
-319.938809453911,1171.29420656811
-320.262390105401,1172.18654478503
-320.352787507599,1172.91323412697
-320.870648374233,1174.41383967418
-321.376698658364,1175.23785589682
-321.851825313521,1175.77610517992
-322.485327515485,1176.49421566073
-322.90581964309,1177.84002615175
-323.116065702007,1178.51316678304
-323.208396777805,1179.13634016775
-323.439224471596,1180.69486229915
-324.288153216987,1181.87701302414
-325.636895197331,1184.97755527941
-327.540787636236,1188.19999351642
-327.830038090777,1189.73541211341
-327.902342786585,1190.11934338218
-327.789579547046,1191.05892176916
-327.432718593576,1191.60784259763
-327.361346404211,1191.71751978709
-326.91758169014,1192.0901727841
-325.142522792518,1193.58039293958
-324.688226746276,1194.23957923028
-324.607675918742,1194.91083131347
-324.575455588927,1195.17911973562
-324.378025118296,1195.72468507635
-324.081879403159,1196.54272521995
-324.081912475125,1196.54295793682
-324.081879403159,1196.54304932846
-324.163123799865,1197.11442074596
-324.170498582829,1197.16631563136
-324.669648301903,1197.5741619783
-326.176227437536,1197.85992740165
-326.72852832685,1198.39618166238
-326.966607542514,1198.62756235852
-327.560507327908,1198.53918352615
-327.590339000069,1198.75953678614
-327.61332864186,1198.92976830038
-327.615360690427,1198.94481506103
-327.620126392428,1198.98010379933
-327.429237348079,1199.89535906336
-327.220878073296,1200.35324762494
-327.130230556183,1200.55228936746
-326.673174283926,1201.05547624007
-325.062370075359,1202.20439507346
-322.986706647893,1204.89882747799
-322.646084140599,1205.54018447144
-322.134672648224,1206.50337726114
-321.589076910786,1208.27104692734
-321.301668283725,1209.20225587064
-321.053651358296,1210.41575644029
-320.991647128384,1210.71903025828
-320.9675305382,1211.31023825426
-320.919297357855,1212.49246893139
-320.541232354128,1213.10223748629
-319.710238738572,1214.4420829714
-319.650469228956,1214.62346319717
-319.390530251522,1215.41233795051
-319.390538757898,1215.41242024157
-319.390530251522,1215.41244604641
-319.419239235738,1215.69019170789
-319.546474439864,1216.92115874648
-319.415796935872,1218.33116140923
-319.162785064115,1218.67461348134
-319.074172521665,1218.72507214843
-318.808334886075,1218.87612428565
-318.547175039438,1219.02444738386
-317.906927488829,1218.95271515607
-317.74246299166,1218.93417778223
-316.22317089195,1219.45569076233
-315.829652899456,1219.91931867305
-315.436134906962,1220.38241239327
-314.484573526715,1222.27604374579
-314.422033171324,1222.55347536592
-314.171871767248,1223.66279213694
-314.17190939775,1223.66305768958
-314.171871767248,1223.66322462625
-314.260384784383,1224.28742061252
-314.743955150824,1225.26963640292
-316.112735310459,1226.49723024875
-316.675311010813,1227.55644106088
-316.635612357078,1227.74444149211
-316.388147477998,1228.9169748109
-316.388152404434,1228.91725826917
-316.38812093737,1228.91740736788
-316.39521369115,1229.32355476533
-316.399931519864,1229.59501473304
-316.275161059256,1229.81948116234
-316.224046732904,1229.91132991795
-315.74225458899,1232.0057903686
-315.561606653745,1232.46199626091
-315.516645590972,1232.57554129853
-315.515624108251,1232.57812096387
-313.00525162305,1232.52253135686
-308.601124625735,1232.6352241171
-308.423977139919,1232.51720975062
-307.498176060179,1231.90045319005
-306.514102402275,1231.94576760298
-305.473152163959,1231.73141691232
-304.372175410177,1231.72427845457
-302.853649620952,1231.71428355199
-302.556087962788,1231.7123250082
-302.466284023154,1231.71173392082
-301.367163311312,1231.69132028918
-301.092063033378,1231.6861027899
-300.96151849757,1231.63657095545
-300.700429425959,1231.53729121125
-300.57189313351,1231.59194189733
-300.314820542634,1231.70081094702
-299.241458299606,1231.59448938263
-297.899755477078,1231.46104716332
-293.521191827723,1231.57541979342
-290.941353211306,1231.64248943787
-290.540860200823,1231.65290131198
-290.438997244383,1231.65549686607
-288.852583879212,1231.37312339196
-287.010159550561,1231.25145803786
-284.48619826033,1230.72532806737
-284.073650632675,1230.83747470746
-281.84357379182,1230.775074843
-281.018573432235,1230.58009248898
-280.411786165112,1230.43636565032
-278.904755838702,1230.23002724752
-272.195522221605,1230.40651787814
-271.597018309266,1230.41751924397
-270.848213435536,1230.43074215498
-267.5310321924,1230.43982626331
-267.531005698328,1230.43982513189
-265.8191347058,1230.36672088998
-264.62391894773,1230.43729320232
-263.903325521865,1230.4795151941
-262.866515622566,1230.35525763586
-262.578735519191,1230.32075975328
-259.831036677425,1230.29242609576
-255.582544558414,1230.39451389032
-254.526414694661,1230.50456555075
-253.461231239058,1230.6152365529
-252.771397006168,1230.6274839457
-251.621673298955,1230.64735555262
-251.250635221561,1230.73596684233
-251.028012379275,1230.78880929193
-250.04875396386,1230.68318241113
-248.743076046258,1230.54191450746
-246.693900172334,1230.44772078803
-245.339796983758,1230.08035700065
-244.512605018288,1230.19942265563
-240.22592092576,1229.59620428883
-240.225894392793,1229.59620474821
-237.246548882629,1229.64778779386
-233.332548384286,1229.61080338596
-229.420458811635,1229.67752674796
-228.765966748802,1229.59479844917
-228.329638720483,1229.53943008268
-228.072566131604,1229.66566721038
-227.944029837155,1229.72867781078
-220.199963598068,1230.01547126339
-218.899326518337,1229.72424399463
-218.89931333219,1229.72424506785
-217.438078376923,1229.84317440273
-215.275972511893,1230.01914811849
-211.234311560046,1230.08565600808
-209.722105616868,1230.09466821014
-208.397170185909,1230.10256434947
-203.667470409982,1230.13021096088
-202.775796307182,1230.07992442829
-202.240791855479,1230.04942811688
-199.339369656812,1230.12210022477
-197.407650751601,1230.10073463902
-195.47724282922,1230.07916742767
-194.955991396496,1229.89208056664
-194.434726693439,1229.70477846728
-193.885720391853,1229.40057700111
-191.010666313888,1229.49812014935
-189.623851792886,1230.30215902885
-187.210216725426,1231.02781930215
-184.774320457721,1231.75975178858
-183.871040627115,1231.8188202925
-183.19492709045,1231.86270925099
-181.580792032206,1231.39215730072
-181.027147584936,1231.15618676542
-180.459025560851,1230.91382547978
-180.216036308678,1230.98238279664
-179.968780224751,1231.05192781513
-177.295222646363,1230.78004952464
-177.295209376039,1230.78004952464
-177.27242662462,1230.80539430556
-176.938436892463,1231.17672869309
-176.695643165116,1232.24955960913
-176.695655594737,1232.2496128411
-176.695643165116,1232.24966775916
-176.792715540178,1232.66529085891
-176.889780372899,1233.08099497925
-176.856054756818,1233.42057444731
-176.822321615119,1233.76012498982
-176.693765364988,1234.12855639716
-176.648560097911,1234.25807379234
-170.712455154187,1234.21794783801
-169.652642588834,1234.10859753128
-169.388528667403,1234.08123844424
-169.109812872525,1234.11154967432
-167.991230595638,1234.2327652664
-166.082526363692,1234.11530891046
-165.604444576495,1234.08578099421
-162.755214536212,1234.20594248116
-159.385018375017,1234.15153988217
-158.967273201368,1233.8078974441
-158.48912597631,1233.41457185994
-157.335178985233,1232.46499512949
-155.5549659046,1231.00001770834
-153.32669382691,1231.03289409994
-153.326680630977,1231.03289510916
-151.64397776829,1231.16104744801
-151.643254535989,1231.1094616109
-151.642531303687,1231.05733512254
-150.767561223242,1231.03732808954
-150.24257916846,1231.02499943717
-149.233902342078,1231.17013175461
-147.185854445146,1231.12135770883
-145.840668909866,1231.29698786521
-145.216287205382,1231.12341248981
-137.569625096076,1231.02272837014
-132.976263968196,1230.56516558116
-129.735970944142,1230.50546983371
-129.429596477724,1230.4627095765
-128.204098583531,1230.29123651523
-124.885112577228,1230.15411060804
-124.628066528989,1232.21797982023
-122.620758506504,1232.18953640578
-120.843425084748,1232.1646619567
-118.14827669992,1232.17482803365
-114.543076487704,1231.96166551419
-112.391719169731,1231.93787272471
-111.154522392736,1231.05524749882
-111.135929127691,1231.04197837174
-111.135922493626,1231.04197845876
-108.415275192799,1231.07712587514
-107.868347902857,1231.28852639152
-107.43544803647,1231.45542349575
-104.044119026123,1231.44998839703
-103.858978061447,1231.4496916817
-102.886814513418,1230.41906259074
-102.777305249322,1229.94724804187
-102.585140387724,1229.11876324826
-100.561131670786,1228.9101620392
-100.036430850391,1228.40538208785
-99.4234075328224,1227.81527097899
-99.1638528863718,1227.56542051196
-99.1443660433868,1227.54666231442
-97.8148726584499,1227.46772398515
-97.7769767543515,1227.5415762336
-97.2401352113954,1228.58780056792
-97.2096485527671,1228.8116473535
-97.168999674918,1229.10967949828
-96.2381466249843,1230.34357809797
-95.81814107894,1230.90019912521
-95.7664735862568,1230.90085261195
-94.9630947172212,1230.91101369188
-93.6893755144825,1231.07582720796
-93.1778654566062,1231.14179737789
-92.760974632899,1232.3299078453
-92.727457613376,1232.425411993
-90.6282061967134,1232.425411993
-90.0438809453283,1231.2854161455
-89.3964619698194,1231.31959058163
-88.125411062748,1231.23101830179
-85.5333265980979,1231.18473153823
-85.1939183248437,1230.98033514725
-84.2605107388118,1230.93956416468
-83.4893106621838,1231.13055287986
-83.4853848685284,1231.13152328627
-83.4837255688334,1231.13147765599
-81.5151474729059,1231.07712587514
-79.5725654239629,1231.1009091976
-79.571842190356,1231.10091797177
-79.5718355561356,1231.10091805225
-78.2244272426831,1231.0680415938
-76.6943397397717,1231.03062303238
-76.5457511128916,1231.0484744192
-76.4864832509525,1231.05537885179
-76.679536700698,1230.5282883043
-76.6743081956306,1229.98054116023
-76.5642636664838,1229.85847629869
-76.2551851256922,1229.51531459184
-75.8905035329362,1229.31027955052
-75.5802634173483,1229.39149317471
-75.3072368044297,1229.78996574862
-75.0947953955189,1230.09960646022
-74.7587179719302,1230.18125457189
-74.2897316843275,1229.92495586997
-73.072042479137,1229.93631050849
-73.1180953601445,1229.33688212744
-73.39839100449,1228.83868208951
-73.5741905374624,1228.77995090471
-74.1215237759857,1228.59720859109
-74.6342623001021,1228.01889041855
-75.0150872339927,1227.20701254876
-75.0150506694797,1227.20686008671
-75.0150805988319,1227.20679628131
-74.9340520407187,1226.86866381252
-74.1801962782201,1226.41981470883
-73.8135064385674,1226.20127579161
-73.731647774494,1226.4677895985
-73.6125672923345,1226.85514723523
-73.3969522535226,1227.08936254915
-73.1766440005569,1227.32833881341
-73.0612055093997,1227.24896846232
-72.5767460316914,1226.91678287185
-72.4846400736927,1226.73614737172
-72.4183627391574,1226.60585557417
-72.4551709675895,1226.21019017685
-72.4887970030533,1225.84909662984
-72.4887679606071,1225.84904761791
-72.4888036382169,1225.84866411241
-72.304459023907,1225.53800991021
-71.2151981950446,1225.41787952171
-71.0816669481417,1225.3603865899
-70.5647535871669,1225.13739674008
-70.4302788256851,1224.89508485673
-70.2769612521113,1224.6184410213
-69.9321310155682,1223.9960267959
-69.1462097372398,1221.01552103849
-67.9494195264094,1221.20147733843
-67.7888951318468,1221.29737497066
-66.3027788256614,1222.1855492076
-66.3027825535438,1222.18565113393
-66.3027721905092,1222.18565732518
-66.3281958900005,1222.88049969493
-66.3790279718255,1224.27038773909
-66.2402159142357,1225.70560927962
-65.4077689030692,1227.64452447365
-64.4387437851028,1228.9855351619
-63.4138240902166,1229.98811114854
-62.7034311297635,1230.01121794638
-62.1703754433664,1230.02823211512
-61.4072791109859,1229.02013980873
-59.899233605283,1230.83671768933
-59.488245239918,1231.15423421968
-58.7284930275218,1230.43301318183
-58.7284863923695,1230.43301318183
-57.8201198952887,1230.3128652585
-57.6272180191009,1230.41278509766
-57.2532849222569,1230.60626054166
-56.8630779629676,1230.9676766655
-56.4839581758544,1231.31861725859
-55.8311779921022,1233.17739145259
-54.9426821246244,1233.67665655374
-54.8738495378568,1233.7153102524
-54.6465168513845,1233.84297174906
-53.724793779835,1234.84428735684
-53.50333540311,1234.88398123727
-52.9487821110331,1234.98283857808
-50.7899635570902,1234.30349965019
-50.7899597903805,1234.30350159834
-50.7899536043518,1234.30349965019
-50.0685061631726,1234.67653407234
-49.6131831155362,1234.94261834411
-48.8890702099279,1235.36561500631
-48.7037236866492,1235.47388345109
-48.7037598529493,1235.47407863653
-48.7037236866492,1235.47409977201
-48.8818970375828,1236.43547880818
-48.8966409260079,1236.51505230271
-49.3053593910768,1238.31030530002
-49.0607350451162,1239.57070690138
-49.0111903058956,1239.82589577727
-48.3328083622851,1241.76335946919
-48.2749447688863,1242.28576531505
-48.1678251410845,1243.25228687107
-44.4876111421306,1245.71868987033
-44.0289595255354,1245.75341282327
-43.6844384511661,1245.77917028082
-42.5643440398032,1245.29587105585
-42.2871569673108,1245.28299615627
-41.9297027535855,1245.2664475609
-41.9378691189158,1245.24880162953
-42.1252755517473,1244.84385526755
-42.2293820011212,1244.61890500269
-42.2573252937677,1244.55854769375
-42.2417283848654,1244.29687909149
-42.2013311894533,1243.6187141225
-42.1967595651046,1243.54179327392
-41.6709000146562,1242.68539825069
-41.5590246037266,1241.72127711875
-40.2751777931023,1240.1150477543
-40.1950283935202,1239.82881649173
-39.88543520591,1240.01401194765
-39.8489052895369,1240.29864704166
-39.7882566715185,1240.77081439075
-39.5061728518955,1241.13829601255
-38.8329132508054,1241.22224292974
-38.6366920526214,1241.41166711132
-38.3957724074103,1241.64371158957
-38.0871409556966,1242.72735635259
-38.0140484094977,1242.98387904654
-37.8671061848251,1243.50003322558
-37.5593078076445,1243.89372654985
-36.5776924760271,1244.31912399265
-35.9301901688428,1244.35086180178
-35.2820450356494,1244.38230658155
-34.6883708456451,1244.70027695458
-33.984725535271,1244.8337843096
-32.0999788468123,1245.19114092568
-30.4986463272935,1245.9345372807
-30.4986649765677,1245.93463682124
-30.4986463272935,1245.93464547524
-30.7426576062671,1247.23711705891
-30.8239876801706,1247.29958531328
-31.2123140449045,1247.59839485578
-31.7316622850923,1247.76783989079
-32.1481799572343,1247.9041694487
-32.276214188082,1248.12208737117
-32.4374142405062,1248.39700856524
-32.3130437455834,1249.02406873577
-32.2800736439068,1249.1266685063
-32.258376673011,1249.19405870408
-31.734852698423,1249.17360792314
-31.6782394064661,1249.26808943595
-31.5590740739926,1249.46652058275
-31.4632928604921,1249.66441081678
-31.4365127399634,1249.71961566335
-31.1162435820061,1251.31462468108
-30.6480302876174,1251.61815180403
-30.4208325035831,1251.76533152457
-29.4336535914093,1251.59283938909
