utm_x,utm_y
640320.337,486277.593
650320.337,486277.593
620320.337,496277.593
630320.337,496277.593
640320.337,496277.593
650320.337,496277.593
660320.337,496277.593
590320.337,506277.593
600320.337,506277.593
610320.337,506277.593
620320.337,506277.593
630320.337,506277.593
640320.337,506277.593
650320.337,506277.593
570320.337,516277.593
580320.337,516277.593
590320.337,516277.593
600320.337,516277.593
610320.337,516277.593
620320.337,516277.593
630320.337,516277.593
640320.337,516277.593
650320.337,516277.593
550320.337,526277.593
560320.337,526277.593
570320.337,526277.593
580320.337,526277.593
590320.337,526277.593
600320.337,526277.593
610320.337,526277.593
620320.337,526277.593
630320.337,526277.593
640320.337,526277.593
650320.337,526277.593
530320.337,536277.593
540320.337,536277.593
550320.337,536277.593
560320.337,536277.593
570320.337,536277.593
580320.337,536277.593
590320.337,536277.593
600320.337,536277.593
610320.337,536277.593
620320.337,536277.593
630320.337,536277.593
640320.337,536277.593
650320.337,536277.593
520320.337,546277.593
530320.337,546277.593
540320.337,546277.593
550320.337,546277.593
560320.337,546277.593
570320.337,546277.593
580320.337,546277.593
590320.337,546277.593
600320.337,546277.593
610320.337,546277.593
620320.337,546277.593
630320.337,546277.593
640320.337,546277.593
650320.337,546277.593
660320.337,546277.593
490320.337,556277.593
500320.337,556277.593
510320.337,556277.593
520320.337,556277.593
530320.337,556277.593
540320.337,556277.593
550320.337,556277.593
560320.337,556277.593
570320.337,556277.593
580320.337,556277.593
590320.337,556277.593
600320.337,556277.593
610320.337,556277.593
620320.337,556277.593
630320.337,556277.593
640320.337,556277.593
650320.337,556277.593
660320.337,556277.593
480320.337,566277.593
490320.337,566277.593
500320.337,566277.593
510320.337,566277.593
520320.337,566277.593
530320.337,566277.593
540320.337,566277.593
550320.337,566277.593
560320.337,566277.593
570320.337,566277.593
580320.337,566277.593
590320.337,566277.593
600320.337,566277.593
610320.337,566277.593
620320.337,566277.593
630320.337,566277.593
640320.337,566277.593
650320.337,566277.593
660320.337,566277.593
470320.337,576277.593
480320.337,576277.593
490320.337,576277.593
500320.337,576277.593
510320.337,576277.593
520320.337,576277.593
530320.337,576277.593
540320.337,576277.593
550320.337,576277.593
560320.337,576277.593
570320.337,576277.593
580320.337,576277.593
590320.337,576277.593
600320.337,576277.593
610320.337,576277.593
620320.337,576277.593
630320.337,576277.593
640320.337,576277.593
650320.337,576277.593
660320.337,576277.593
450320.337,586277.593
460320.337,586277.593
470320.337,586277.593
480320.337,586277.593
490320.337,586277.593
500320.337,586277.593
510320.337,586277.593
520320.337,586277.593
530320.337,586277.593
540320.337,586277.593
550320.337,586277.593
560320.337,586277.593
570320.337,586277.593
580320.337,586277.593
590320.337,586277.593
600320.337,586277.593
610320.337,586277.593
620320.337,586277.593
630320.337,586277.593
640320.337,586277.593
650320.337,586277.593
660320.337,586277.593
670320.337,586277.593
450320.337,596277.593
460320.337,596277.593
470320.337,596277.593
480320.337,596277.593
490320.337,596277.593
500320.337,596277.593
510320.337,596277.593
520320.337,596277.593
530320.337,596277.593
540320.337,596277.593
550320.337,596277.593
560320.337,596277.593
570320.337,596277.593
580320.337,596277.593
590320.337,596277.593
600320.337,596277.593
610320.337,596277.593
620320.337,596277.593
630320.337,596277.593
640320.337,596277.593
650320.337,596277.593
660320.337,596277.593
670320.337,596277.593
440320.337,606277.593
450320.337,606277.593
460320.337,606277.593
470320.337,606277.593
480320.337,606277.593
490320.337,606277.593
500320.337,606277.593
510320.337,606277.593
520320.337,606277.593
530320.337,606277.593
540320.337,606277.593
550320.337,606277.593
560320.337,606277.593
570320.337,606277.593
580320.337,606277.593
590320.337,606277.593
600320.337,606277.593
610320.337,606277.593
620320.337,606277.593
630320.337,606277.593
640320.337,606277.593
650320.337,606277.593
660320.337,606277.593
670320.337,606277.593
420320.337,616277.593
430320.337,616277.593
440320.337,616277.593
450320.337,616277.593
460320.337,616277.593
470320.337,616277.593
480320.337,616277.593
490320.337,616277.593
500320.337,616277.593
510320.337,616277.593
520320.337,616277.593
530320.337,616277.593
540320.337,616277.593
550320.337,616277.593
560320.337,616277.593
570320.337,616277.593
580320.337,616277.593
590320.337,616277.593
600320.337,616277.593
610320.337,616277.593
620320.337,616277.593
630320.337,616277.593
640320.337,616277.593
650320.337,616277.593
660320.337,616277.593
670320.337,616277.593
410320.337,626277.593
420320.337,626277.593
430320.337,626277.593
440320.337,626277.593
450320.337,626277.593
460320.337,626277.593
470320.337,626277.593
480320.337,626277.593
490320.337,626277.593
500320.337,626277.593
510320.337,626277.593
520320.337,626277.593
530320.337,626277.593
540320.337,626277.593
550320.337,626277.593
560320.337,626277.593
570320.337,626277.593
580320.337,626277.593
590320.337,626277.593
600320.337,626277.593
610320.337,626277.593
620320.337,626277.593
630320.337,626277.593
640320.337,626277.593
650320.337,626277.593
660320.337,626277.593
670320.337,626277.593
400320.337,636277.593
410320.337,636277.593
420320.337,636277.593
430320.337,636277.593
440320.337,636277.593
450320.337,636277.593
460320.337,636277.593
470320.337,636277.593
480320.337,636277.593
490320.337,636277.593
500320.337,636277.593
510320.337,636277.593
520320.337,636277.593
530320.337,636277.593
540320.337,636277.593
550320.337,636277.593
560320.337,636277.593
570320.337,636277.593
580320.337,636277.593
590320.337,636277.593
600320.337,636277.593
610320.337,636277.593
620320.337,636277.593
630320.337,636277.593
640320.337,636277.593
650320.337,636277.593
660320.337,636277.593
670320.337,636277.593
390320.337,646277.593
400320.337,646277.593
410320.337,646277.593
420320.337,646277.593
430320.337,646277.593
440320.337,646277.593
450320.337,646277.593
460320.337,646277.593
470320.337,646277.593
480320.337,646277.593
490320.337,646277.593
500320.337,646277.593
510320.337,646277.593
520320.337,646277.593
530320.337,646277.593
540320.337,646277.593
550320.337,646277.593
560320.337,646277.593
570320.337,646277.593
580320.337,646277.593
590320.337,646277.593
600320.337,646277.593
610320.337,646277.593
620320.337,646277.593
630320.337,646277.593
640320.337,646277.593
650320.337,646277.593
660320.337,646277.593
670320.337,646277.593
380320.337,656277.593
390320.337,656277.593
400320.337,656277.593
410320.337,656277.593
420320.337,656277.593
430320.337,656277.593
440320.337,656277.593
450320.337,656277.593
460320.337,656277.593
470320.337,656277.593
480320.337,656277.593
490320.337,656277.593
500320.337,656277.593
510320.337,656277.593
520320.337,656277.593
530320.337,656277.593
540320.337,656277.593
550320.337,656277.593
560320.337,656277.593
570320.337,656277.593
580320.337,656277.593
590320.337,656277.593
600320.337,656277.593
610320.337,656277.593
620320.337,656277.593
630320.337,656277.593
370320.337,666277.593
380320.337,666277.593
390320.337,666277.593
400320.337,666277.593
410320.337,666277.593
420320.337,666277.593
430320.337,666277.593
440320.337,666277.593
450320.337,666277.593
460320.337,666277.593
470320.337,666277.593
480320.337,666277.593
490320.337,666277.593
500320.337,666277.593
510320.337,666277.593
520320.337,666277.593
530320.337,666277.593
540320.337,666277.593
550320.337,666277.593
560320.337,666277.593
570320.337,666277.593
580320.337,666277.593
590320.337,666277.593
600320.337,666277.593
610320.337,666277.593
620320.337,666277.593
630320.337,666277.593
350320.337,676277.593
360320.337,676277.593
370320.337,676277.593
380320.337,676277.593
390320.337,676277.593
400320.337,676277.593
410320.337,676277.593
420320.337,676277.593
430320.337,676277.593
440320.337,676277.593
450320.337,676277.593
460320.337,676277.593
470320.337,676277.593
480320.337,676277.593
490320.337,676277.593
500320.337,676277.593
510320.337,676277.593
520320.337,676277.593
530320.337,676277.593
540320.337,676277.593
550320.337,676277.593
560320.337,676277.593
570320.337,676277.593
580320.337,676277.593
590320.337,676277.593
600320.337,676277.593
610320.337,676277.593
620320.337,676277.593
330320.337,686277.593
340320.337,686277.593
350320.337,686277.593
360320.337,686277.593
370320.337,686277.593
380320.337,686277.593
390320.337,686277.593
400320.337,686277.593
410320.337,686277.593
420320.337,686277.593
430320.337,686277.593
440320.337,686277.593
450320.337,686277.593
460320.337,686277.593
470320.337,686277.593
480320.337,686277.593
490320.337,686277.593
500320.337,686277.593
510320.337,686277.593
520320.337,686277.593
530320.337,686277.593
540320.337,686277.593
550320.337,686277.593
560320.337,686277.593
570320.337,686277.593
580320.337,686277.593
590320.337,686277.593
600320.337,686277.593
610320.337,686277.593
620320.337,686277.593
310320.337,696277.593
320320.337,696277.593
330320.337,696277.593
340320.337,696277.593
350320.337,696277.593
360320.337,696277.593
370320.337,696277.593
380320.337,696277.593
390320.337,696277.593
400320.337,696277.593
410320.337,696277.593
420320.337,696277.593
430320.337,696277.593
440320.337,696277.593
450320.337,696277.593
460320.337,696277.593
470320.337,696277.593
480320.337,696277.593
490320.337,696277.593
500320.337,696277.593
510320.337,696277.593
520320.337,696277.593
530320.337,696277.593
540320.337,696277.593
550320.337,696277.593
560320.337,696277.593
570320.337,696277.593
580320.337,696277.593
610320.337,696277.593
310320.337,706277.593
320320.337,706277.593
330320.337,706277.593
340320.337,706277.593
350320.337,706277.593
360320.337,706277.593
370320.337,706277.593
380320.337,706277.593
390320.337,706277.593
400320.337,706277.593
410320.337,706277.593
420320.337,706277.593
430320.337,706277.593
440320.337,706277.593
450320.337,706277.593
460320.337,706277.593
470320.337,706277.593
480320.337,706277.593
490320.337,706277.593
500320.337,706277.593
510320.337,706277.593
520320.337,706277.593
530320.337,706277.593
540320.337,706277.593
550320.337,706277.593
560320.337,706277.593
300320.337,716277.593
310320.337,716277.593
320320.337,716277.593
330320.337,716277.593
340320.337,716277.593
350320.337,716277.593
360320.337,716277.593
370320.337,716277.593
380320.337,716277.593
390320.337,716277.593
400320.337,716277.593
410320.337,716277.593
420320.337,716277.593
430320.337,716277.593
440320.337,716277.593
450320.337,716277.593
460320.337,716277.593
470320.337,716277.593
480320.337,716277.593
490320.337,716277.593
500320.337,716277.593
510320.337,716277.593
520320.337,716277.593
530320.337,716277.593
540320.337,716277.593
550320.337,716277.593
560320.337,716277.593
280320.337,726277.593
290320.337,726277.593
300320.337,726277.593
310320.337,726277.593
320320.337,726277.593
330320.337,726277.593
340320.337,726277.593
350320.337,726277.593
360320.337,726277.593
370320.337,726277.593
380320.337,726277.593
390320.337,726277.593
400320.337,726277.593
410320.337,726277.593
420320.337,726277.593
430320.337,726277.593
440320.337,726277.593
450320.337,726277.593
460320.337,726277.593
470320.337,726277.593
480320.337,726277.593
490320.337,726277.593
500320.337,726277.593
510320.337,726277.593
520320.337,726277.593
530320.337,726277.593
540320.337,726277.593
550320.337,726277.593
260320.337,736277.593
270320.337,736277.593
280320.337,736277.593
290320.337,736277.593
300320.337,736277.593
310320.337,736277.593
320320.337,736277.593
330320.337,736277.593
340320.337,736277.593
350320.337,736277.593
360320.337,736277.593
370320.337,736277.593
380320.337,736277.593
390320.337,736277.593
400320.337,736277.593
410320.337,736277.593
420320.337,736277.593
430320.337,736277.593
440320.337,736277.593
450320.337,736277.593
460320.337,736277.593
470320.337,736277.593
480320.337,736277.593
490320.337,736277.593
500320.337,736277.593
510320.337,736277.593
520320.337,736277.593
530320.337,736277.593
540320.337,736277.593
550320.337,736277.593
560320.337,736277.593
240320.337,746277.593
250320.337,746277.593
260320.337,746277.593
270320.337,746277.593
280320.337,746277.593
290320.337,746277.593
300320.337,746277.593
310320.337,746277.593
320320.337,746277.593
330320.337,746277.593
340320.337,746277.593
350320.337,746277.593
360320.337,746277.593
370320.337,746277.593
380320.337,746277.593
390320.337,746277.593
400320.337,746277.593
410320.337,746277.593
420320.337,746277.593
430320.337,746277.593
440320.337,746277.593
450320.337,746277.593
460320.337,746277.593
470320.337,746277.593
480320.337,746277.593
490320.337,746277.593
500320.337,746277.593
510320.337,746277.593
520320.337,746277.593
530320.337,746277.593
540320.337,746277.593
550320.337,746277.593
560320.337,746277.593
570320.337,746277.593
240320.337,756277.593
250320.337,756277.593
260320.337,756277.593
270320.337,756277.593
280320.337,756277.593
290320.337,756277.593
300320.337,756277.593
310320.337,756277.593
320320.337,756277.593
330320.337,756277.593
340320.337,756277.593
350320.337,756277.593
360320.337,756277.593
370320.337,756277.593
380320.337,756277.593
390320.337,756277.593
400320.337,756277.593
410320.337,756277.593
420320.337,756277.593
430320.337,756277.593
440320.337,756277.593
450320.337,756277.593
460320.337,756277.593
470320.337,756277.593
480320.337,756277.593
490320.337,756277.593
500320.337,756277.593
510320.337,756277.593
520320.337,756277.593
530320.337,756277.593
540320.337,756277.593
550320.337,756277.593
560320.337,756277.593
570320.337,756277.593
230320.337,766277.593
240320.337,766277.593
250320.337,766277.593
260320.337,766277.593
270320.337,766277.593
280320.337,766277.593
290320.337,766277.593
300320.337,766277.593
310320.337,766277.593
320320.337,766277.593
330320.337,766277.593
340320.337,766277.593
350320.337,766277.593
360320.337,766277.593
370320.337,766277.593
380320.337,766277.593
390320.337,766277.593
400320.337,766277.593
410320.337,766277.593
420320.337,766277.593
430320.337,766277.593
440320.337,766277.593
450320.337,766277.593
460320.337,766277.593
470320.337,766277.593
480320.337,766277.593
490320.337,766277.593
500320.337,766277.593
510320.337,766277.593
520320.337,766277.593
530320.337,766277.593
540320.337,766277.593
550320.337,766277.593
560320.337,766277.593
570320.337,766277.593
240320.337,776277.593
250320.337,776277.593
260320.337,776277.593
270320.337,776277.593
280320.337,776277.593
290320.337,776277.593
300320.337,776277.593
310320.337,776277.593
320320.337,776277.593
330320.337,776277.593
340320.337,776277.593
350320.337,776277.593
360320.337,776277.593
370320.337,776277.593
380320.337,776277.593
390320.337,776277.593
400320.337,776277.593
410320.337,776277.593
420320.337,776277.593
430320.337,776277.593
440320.337,776277.593
450320.337,776277.593
460320.337,776277.593
470320.337,776277.593
480320.337,776277.593
490320.337,776277.593
500320.337,776277.593
510320.337,776277.593
520320.337,776277.593
530320.337,776277.593
540320.337,776277.593
550320.337,776277.593
560320.337,776277.593
570320.337,776277.593
250320.337,786277.593
260320.337,786277.593
270320.337,786277.593
280320.337,786277.593
290320.337,786277.593
300320.337,786277.593
310320.337,786277.593
320320.337,786277.593
330320.337,786277.593
340320.337,786277.593
350320.337,786277.593
360320.337,786277.593
370320.337,786277.593
380320.337,786277.593
390320.337,786277.593
400320.337,786277.593
410320.337,786277.593
420320.337,786277.593
430320.337,786277.593
440320.337,786277.593
450320.337,786277.593
460320.337,786277.593
470320.337,786277.593
480320.337,786277.593
490320.337,786277.593
500320.337,786277.593
510320.337,786277.593
520320.337,786277.593
530320.337,786277.593
540320.337,786277.593
550320.337,786277.593
560320.337,786277.593
570320.337,786277.593
250320.337,796277.593
260320.337,796277.593
270320.337,796277.593
280320.337,796277.593
290320.337,796277.593
300320.337,796277.593
310320.337,796277.593
320320.337,796277.593
330320.337,796277.593
340320.337,796277.593
350320.337,796277.593
360320.337,796277.593
370320.337,796277.593
380320.337,796277.593
390320.337,796277.593
400320.337,796277.593
410320.337,796277.593
420320.337,796277.593
430320.337,796277.593
440320.337,796277.593
450320.337,796277.593
460320.337,796277.593
470320.337,796277.593
480320.337,796277.593
500320.337,796277.593
510320.337,796277.593
520320.337,796277.593
530320.337,796277.593
540320.337,796277.593
550320.337,796277.593
560320.337,796277.593
570320.337,796277.593
270320.337,806277.593
280320.337,806277.593
290320.337,806277.593
300320.337,806277.593
310320.337,806277.593
320320.337,806277.593
330320.337,806277.593
340320.337,806277.593
350320.337,806277.593
360320.337,806277.593
370320.337,806277.593
380320.337,806277.593
390320.337,806277.593
400320.337,806277.593
410320.337,806277.593
420320.337,806277.593
430320.337,806277.593
440320.337,806277.593
450320.337,806277.593
460320.337,806277.593
470320.337,806277.593
480320.337,806277.593
520320.337,806277.593
530320.337,806277.593
540320.337,806277.593
550320.337,806277.593
560320.337,806277.593
270320.337,816277.593
280320.337,816277.593
290320.337,816277.593
300320.337,816277.593
310320.337,816277.593
320320.337,816277.593
330320.337,816277.593
340320.337,816277.593
350320.337,816277.593
360320.337,816277.593
370320.337,816277.593
380320.337,816277.593
390320.337,816277.593
400320.337,816277.593
410320.337,816277.593
420320.337,816277.593
430320.337,816277.593
440320.337,816277.593
450320.337,816277.593
460320.337,816277.593
520320.337,816277.593
530320.337,816277.593
540320.337,816277.593
550320.337,816277.593
560320.337,816277.593
290320.337,826277.593
300320.337,826277.593
310320.337,826277.593
320320.337,826277.593
330320.337,826277.593
340320.337,826277.593
350320.337,826277.593
360320.337,826277.593
370320.337,826277.593
380320.337,826277.593
390320.337,826277.593
400320.337,826277.593
410320.337,826277.593
420320.337,826277.593
430320.337,826277.593
440320.337,826277.593
450320.337,826277.593
530320.337,826277.593
540320.337,826277.593
550320.337,826277.593
560320.337,826277.593
300320.337,836277.593
310320.337,836277.593
320320.337,836277.593
330320.337,836277.593
340320.337,836277.593
350320.337,836277.593
360320.337,836277.593
370320.337,836277.593
380320.337,836277.593
390320.337,836277.593
400320.337,836277.593
410320.337,836277.593
420320.337,836277.593
430320.337,836277.593
440320.337,836277.593
450320.337,836277.593
540320.337,836277.593
550320.337,836277.593
310320.337,846277.593
320320.337,846277.593
330320.337,846277.593
340320.337,846277.593
350320.337,846277.593
360320.337,846277.593
370320.337,846277.593
380320.337,846277.593
390320.337,846277.593
400320.337,846277.593
410320.337,846277.593
420320.337,846277.593
430320.337,846277.593
440320.337,846277.593
450320.337,846277.593
540320.337,846277.593
320320.337,856277.593
330320.337,856277.593
340320.337,856277.593
350320.337,856277.593
360320.337,856277.593
370320.337,856277.593
380320.337,856277.593
390320.337,856277.593
400320.337,856277.593
410320.337,856277.593
420320.337,856277.593
430320.337,856277.593
440320.337,856277.593
450320.337,856277.593
460320.337,856277.593
330320.337,866277.593
340320.337,866277.593
350320.337,866277.593
360320.337,866277.593
370320.337,866277.593
380320.337,866277.593
390320.337,866277.593
400320.337,866277.593
410320.337,866277.593
420320.337,866277.593
430320.337,866277.593
440320.337,866277.593
450320.337,866277.593
330320.337,876277.593
340320.337,876277.593
350320.337,876277.593
360320.337,876277.593
370320.337,876277.593
380320.337,876277.593
390320.337,876277.593
400320.337,876277.593
410320.337,876277.593
420320.337,876277.593
430320.337,876277.593
440320.337,876277.593
450320.337,876277.593
330320.337,886277.593
340320.337,886277.593
350320.337,886277.593
360320.337,886277.593
370320.337,886277.593
380320.337,886277.593
390320.337,886277.593
400320.337,886277.593
410320.337,886277.593
420320.337,886277.593
430320.337,886277.593
440320.337,886277.593
450320.337,886277.593
340320.337,896277.593
350320.337,896277.593
360320.337,896277.593
370320.337,896277.593
380320.337,896277.593
390320.337,896277.593
400320.337,896277.593
410320.337,896277.593
420320.337,896277.593
430320.337,896277.593
440320.337,896277.593
360320.337,906277.593
370320.337,906277.593
380320.337,906277.593
390320.337,906277.593
400320.337,906277.593
410320.337,906277.593
420320.337,906277.593
430320.337,906277.593
440320.337,906277.593
360320.337,916277.593
370320.337,916277.593
380320.337,916277.593
390320.337,916277.593
400320.337,916277.593
410320.337,916277.593
420320.337,916277.593
430320.337,916277.593
440320.337,916277.593
360320.337,926277.593
370320.337,926277.593
380320.337,926277.593
390320.337,926277.593
400320.337,926277.593
410320.337,926277.593
420320.337,926277.593
430320.337,926277.593
440320.337,926277.593
370320.337,936277.593
380320.337,936277.593
400320.337,936277.593
410320.337,936277.593
